Label,Value
Melbourne 3000,Melbourne
Melbourne 3001,Melbourne
East Melbourne 3002,East Melbourne
West Melbourne 3003,West Melbourne
St Kilda Road Central 3004,St Kilda Road Central
Melbourne 3004,Melbourne
St Kilda Road Melbourne 3004,St Kilda Road Melbourne
World Trade Centre 3005,World Trade Centre
Southbank 3006,Southbank
South Wharf 3006,South Wharf
Docklands 3008,Docklands
University Of Melbourne 3010,University Of Melbourne
Footscray 3011,Footscray
Seddon West 3011,Seddon West
Seddon 3011,Seddon
Tottenham 3012,Tottenham
Kingsville 3012,Kingsville
Maidstone 3012,Maidstone
Brooklyn 3012,Brooklyn
West Footscray 3012,West Footscray
Yarraville 3013,Yarraville
Yarraville West 3013,Yarraville West
Spotswood 3015,Spotswood
South Kingsville 3015,South Kingsville
Newport 3015,Newport
Williamstown 3016,Williamstown
Williamstown North 3016,Williamstown North
Seaholme 3018,Seaholme
Altona 3018,Altona
Braybrook 3019,Braybrook
Robinson 3019,Robinson
Sunshine North 3020,Sunshine North
Sunshine West 3020,Sunshine West
Sunshine 3020,Sunshine
Albion 3020,Albion
Glengala 3020,Glengala
St Albans 3021,St Albans
Albanvale 3021,Albanvale
Kings Park 3021,Kings Park
Kealba 3021,Kealba
Deer Park East 3022,Deer Park East
Ardeer 3022,Ardeer
Deer Park 3023,Deer Park
Cairnlea 3023,Cairnlea
Caroline Springs 3023,Caroline Springs
Burnside Heights 3023,Burnside Heights
Burnside 3023,Burnside
Ravenhall 3023,Ravenhall
Deer Park North 3023,Deer Park North
Wyndham Vale 3024,Wyndham Vale
Mount Cottrell 3024,Mount Cottrell
Mambourin 3024,Mambourin
Altona North 3025,Altona North
Altona East 3025,Altona East
Altona Gate 3025,Altona Gate
Laverton North 3026,Laverton North
Williams Landing 3027,Williams Landing
Laverton 3028,Laverton
Seabrook 3028,Seabrook
Altona Meadows 3028,Altona Meadows
Hoppers Crossing 3029,Hoppers Crossing
Tarneit 3029,Tarneit
Truganina 3029,Truganina
Derrimut 3030,Derrimut
Quandong 3030,Quandong
Werribee South 3030,Werribee South
Werribee 3030,Werribee
Cocoroc 3030,Cocoroc
Point Cook 3030,Point Cook
Kensington 3031,Kensington
Flemington 3031,Flemington
Travancore 3032,Travancore
Ascot Vale 3032,Ascot Vale
Highpoint City 3032,Highpoint City
Maribyrnong 3032,Maribyrnong
Keilor East 3033,Keilor East
Avondale Heights 3034,Avondale Heights
Keilor North 3036,Keilor North
Keilor 3036,Keilor
Hillside 3037,Hillside
Delahey 3037,Delahey
Calder Park 3037,Calder Park
Taylors Hill 3037,Taylors Hill
Sydenham 3037,Sydenham
Keilor Lodge 3038,Keilor Lodge
Watergardens 3038,Watergardens
Taylors Lakes 3038,Taylors Lakes
Keilor Downs 3038,Keilor Downs
Moonee Ponds 3039,Moonee Ponds
Aberfeldie 3040,Aberfeldie
Essendon 3040,Essendon
Essendon West 3040,Essendon West
Strathmore Heights 3041,Strathmore Heights
Strathmore 3041,Strathmore
Essendon Fields 3041,Essendon Fields
Essendon North 3041,Essendon North
Cross Keys 3041,Cross Keys
Niddrie 3042,Niddrie
Airport West 3042,Airport West
Niddrie North 3042,Niddrie North
Keilor Park 3042,Keilor Park
Tullamarine 3043,Tullamarine
Gladstone Park 3043,Gladstone Park
Gowanbrae 3043,Gowanbrae
Pascoe Vale 3044,Pascoe Vale
Pascoe Vale South 3044,Pascoe Vale South
Melbourne Airport 3045,Melbourne Airport
Oak Park 3046,Oak Park
Hadfield 3046,Hadfield
Glenroy 3046,Glenroy
Jacana 3047,Jacana
Dallas 3047,Dallas
Broadmeadows 3047,Broadmeadows
Coolaroo 3048,Coolaroo
Meadow Heights 3048,Meadow Heights
Attwood 3049,Attwood
Westmeadows 3049,Westmeadows
Royal Melbourne Hospital 3050,Royal Melbourne Hospital
North Melbourne 3051,North Melbourne
Hotham Hill 3051,Hotham Hill
Parkville 3052,Parkville
Melbourne University 3052,Melbourne University
Carlton 3053,Carlton
Carlton South 3053,Carlton South
Princes Hill 3054,Princes Hill
Carlton North 3054,Carlton North
Brunswick West 3055,Brunswick West
Moonee Vale 3055,Moonee Vale
Brunswick South 3055,Brunswick South
Moreland West 3055,Moreland West
Brunswick 3056,Brunswick
Brunswick Lower 3056,Brunswick Lower
Brunswick North 3056,Brunswick North
Brunswick East 3057,Brunswick East
Sumner 3057,Sumner
Coburg 3058,Coburg
Batman 3058,Batman
Coburg North 3058,Coburg North
Merlynston 3058,Merlynston
Moreland 3058,Moreland
Greenvale 3059,Greenvale
Fawkner 3060,Fawkner
Campbellfield 3061,Campbellfield
Somerton 3062,Somerton
Oaklands Junction 3063,Oaklands Junction
Yuroke 3063,Yuroke
Roxburgh Park 3064,Roxburgh Park
Kalkallo 3064,Kalkallo
Donnybrook 3064,Donnybrook
Mickleham 3064,Mickleham
Craigieburn 3064,Craigieburn
Fitzroy 3065,Fitzroy
Collingwood 3066,Collingwood
Collingwood North 3066,Collingwood North
Abbotsford 3067,Abbotsford
Clifton Hill 3068,Clifton Hill
Fitzroy North 3068,Fitzroy North
Northcote 3070,Northcote
Northcote South 3070,Northcote South
Thornbury 3071,Thornbury
Regent West 3072,Regent West
Preston 3072,Preston
Preston South 3072,Preston South
Gilberton 3072,Gilberton
Northland Centre 3072,Northland Centre
Preston Lower 3072,Preston Lower
Preston West 3072,Preston West
Keon Park 3073,Keon Park
Reservoir 3073,Reservoir
Thomastown 3074,Thomastown
Lalor 3075,Lalor
Epping 3076,Epping
Epping Dc 3076,Epping Dc
Alphington 3078,Alphington
Fairfield 3078,Fairfield
Ivanhoe East 3079,Ivanhoe East
Ivanhoe 3079,Ivanhoe
Ivanhoe North 3079,Ivanhoe North
Heidelberg Heights 3081,Heidelberg Heights
Heidelberg West 3081,Heidelberg West
Bellfield 3081,Bellfield
Heidelberg Rgh 3081,Heidelberg Rgh
Mill Park 3082,Mill Park
Kingsbury 3083,Kingsbury
Bundoora 3083,Bundoora
La Trobe University 3083,La Trobe University
Rosanna 3084,Rosanna
Viewbank 3084,Viewbank
Heidelberg 3084,Heidelberg
Eaglemont 3084,Eaglemont
Banyule 3084,Banyule
Macleod 3085,Macleod
Yallambie 3085,Yallambie
Macleod West 3085,Macleod West
La Trobe University 3086,La Trobe University
Watsonia 3087,Watsonia
Watsonia North 3087,Watsonia North
Briar Hill 3088,Briar Hill
Saint Helena 3088,Saint Helena
Greensborough 3088,Greensborough
St Helena 3088,St Helena
Diamond Creek 3089,Diamond Creek
Plenty 3090,Plenty
Yarrambat 3091,Yarrambat
Lower Plenty 3093,Lower Plenty
Montmorency 3094,Montmorency
Research 3095,Research
Eltham 3095,Eltham
Eltham North 3095,Eltham North
Wattle Glen 3096,Wattle Glen
Bend Of Islands 3097,Bend Of Islands
Kangaroo Ground 3097,Kangaroo Ground
Watsons Creek 3097,Watsons Creek
Nutfield 3099,Nutfield
Hurstbridge 3099,Hurstbridge
Cottles Bridge 3099,Cottles Bridge
Strathewen 3099,Strathewen
Arthurs Creek 3099,Arthurs Creek
Kew 3101,Kew
Cotham 3101,Cotham
Kew East 3102,Kew East
Balwyn 3103,Balwyn
Deepdene 3103,Deepdene
Stradbroke Park 3103,Stradbroke Park
Balwyn East 3103,Balwyn East
Balwyn North 3104,Balwyn North
Greythorn 3104,Greythorn
Bulleen 3105,Bulleen
Templestowe 3106,Templestowe
Templestowe Lower 3107,Templestowe Lower
Doncaster 3108,Doncaster
Doncaster East 3109,Doncaster East
Tunstall Square Po 3109,Tunstall Square Po
Doncaster Heights 3109,Doncaster Heights
Nunawading Bc 3110,Nunawading Bc
Donvale 3111,Donvale
North Warrandyte 3113,North Warrandyte
Warrandyte 3113,Warrandyte
Park Orchards 3114,Park Orchards
Wonga Park 3115,Wonga Park
Chirnside Park 3116,Chirnside Park
Burnley 3121,Burnley
Richmond South 3121,Richmond South
Richmond 3121,Richmond
Cremorne 3121,Cremorne
Richmond East 3121,Richmond East
Burnley North 3121,Burnley North
Richmond North 3121,Richmond North
Hawthorn 3122,Hawthorn
Glenferrie South 3122,Glenferrie South
Auburn South 3122,Auburn South
Hawthorn North 3122,Hawthorn North
Hawthorn West 3122,Hawthorn West
Auburn 3123,Auburn
Hawthorn East 3123,Hawthorn East
Camberwell North 3124,Camberwell North
Camberwell 3124,Camberwell
Camberwell South 3124,Camberwell South
Middle Camberwell 3124,Middle Camberwell
Camberwell West 3124,Camberwell West
Hartwell 3124,Hartwell
Burwood 3125,Burwood
Bennettswood 3125,Bennettswood
Surrey Hills South 3125,Surrey Hills South
Canterbury 3126,Canterbury
Camberwell East 3126,Camberwell East
Mont Albert 3127,Mont Albert
Surrey Hills North 3127,Surrey Hills North
Surrey Hills 3127,Surrey Hills
Box Hill South 3128,Box Hill South
Box Hill 3128,Box Hill
Wattle Park 3128,Wattle Park
Houston 3128,Houston
Box Hill Central 3128,Box Hill Central
Box Hill North 3129,Box Hill North
Mont Albert North 3129,Mont Albert North
Kerrimuir 3129,Kerrimuir
Blackburn 3130,Blackburn
Blackburn South 3130,Blackburn South
Laburnum 3130,Laburnum
Blackburn North 3130,Blackburn North
Nunawading 3131,Nunawading
Forest Hill 3131,Forest Hill
Brentford Square 3131,Brentford Square
Mitcham North 3132,Mitcham North
Mitcham 3132,Mitcham
Rangeview 3132,Rangeview
Vermont South 3133,Vermont South
Vermont 3133,Vermont
Warrandyte South 3134,Warrandyte South
Heathwood 3134,Heathwood
Ringwood North 3134,Ringwood North
Ringwood 3134,Ringwood
Warranwood 3134,Warranwood
Ringwood East 3135,Ringwood East
Bedford Road 3135,Bedford Road
Heathmont 3135,Heathmont
Croydon South 3136,Croydon South
Croydon North 3136,Croydon North
Croydon 3136,Croydon
Croydon Hills 3136,Croydon Hills
Kilsyth South 3137,Kilsyth South
Kilsyth 3137,Kilsyth
Mooroolbark 3138,Mooroolbark
Wandin North 3139,Wandin North
Launching Place 3139,Launching Place
Yellingbo 3139,Yellingbo
Beenak 3139,Beenak
Wandin East 3139,Wandin East
Seville 3139,Seville
Hoddles Creek 3139,Hoddles Creek
Seville East 3139,Seville East
Don Valley 3139,Don Valley
Woori Yallock 3139,Woori Yallock
Lilydale 3140,Lilydale
South Yarra 3141,South Yarra
Hawksburn 3142,Hawksburn
Toorak 3142,Toorak
Armadale North 3143,Armadale North
Armadale 3143,Armadale
Kooyong 3144,Kooyong
Malvern 3144,Malvern
Malvern North 3144,Malvern North
Caulfield East 3145,Caulfield East
Malvern East 3145,Malvern East
Darling South 3145,Darling South
Central Park 3145,Central Park
Darling 3145,Darling
Wattletree Road Po 3145,Wattletree Road Po
Glen Iris 3146,Glen Iris
Tooronga 3146,Tooronga
Ashwood 3147,Ashwood
Ashburton 3147,Ashburton
Chadstone 3148,Chadstone
Jordanville 3148,Jordanville
Holmesglen 3148,Holmesglen
Chadstone Centre 3148,Chadstone Centre
Mount Waverley 3149,Mount Waverley
Syndal 3149,Syndal
Pinewood 3149,Pinewood
Glen Waverley 3150,Glen Waverley
Wheelers Hill 3150,Wheelers Hill
Brandon Park 3150,Brandon Park
Burwood East 3151,Burwood East
Burwood Heights 3151,Burwood Heights
Wantirna South 3152,Wantirna South
Studfield 3152,Studfield
Wantirna 3152,Wantirna
Knox City Centre 3152,Knox City Centre
Bayswater North 3153,Bayswater North
Bayswater 3153,Bayswater
The Basin 3154,The Basin
Boronia 3155,Boronia
Mountain Gate 3156,Mountain Gate
Ferntree Gully 3156,Ferntree Gully
Lysterfield 3156,Lysterfield
Upper Ferntree Gully 3156,Upper Ferntree Gully
Lysterfield South 3156,Lysterfield South
Upwey 3158,Upwey
Selby 3159,Selby
Menzies Creek 3159,Menzies Creek
Tecoma 3160,Tecoma
Belgrave Heights 3160,Belgrave Heights
Belgrave South 3160,Belgrave South
Belgrave 3160,Belgrave
Caulfield North 3161,Caulfield North
Caulfield Junction 3161,Caulfield Junction
Caulfield South 3162,Caulfield South
Caulfield 3162,Caulfield
Hopetoun Gardens 3162,Hopetoun Gardens
Glen Huntly 3163,Glen Huntly
Carnegie 3163,Carnegie
Murrumbeena 3163,Murrumbeena
Booran Road Po 3163,Booran Road Po
Dandenong South 3164,Dandenong South
Bentleigh East 3165,Bentleigh East
Coatesville 3165,Coatesville
Huntingdale 3166,Huntingdale
Oakleigh East 3166,Oakleigh East
Oakleigh 3166,Oakleigh
Hughesdale 3166,Hughesdale
Oakleigh South 3167,Oakleigh South
Notting Hill 3168,Notting Hill
Clayton 3168,Clayton
Clarinda 3169,Clarinda
Clayton South 3169,Clayton South
Mulgrave 3170,Mulgrave
Waverley Gardens 3170,Waverley Gardens
Springvale 3171,Springvale
Sandown Village 3171,Sandown Village
Springvale South 3172,Springvale South
Dingley Village 3172,Dingley Village
Keysborough 3173,Keysborough
Noble Park North 3174,Noble Park North
Noble Park 3174,Noble Park
Dandenong North 3175,Dandenong North
Dunearn 3175,Dunearn
Dandenong South 3175,Dandenong South
Bangholme 3175,Bangholme
Dandenong 3175,Dandenong
Dandenong East 3175,Dandenong East
Scoresby Bc 3176,Scoresby Bc
Doveton 3177,Doveton
Eumemmerring 3177,Eumemmerring
Rowville 3178,Rowville
Scoresby 3179,Scoresby
Knoxfield 3180,Knoxfield
Prahran 3181,Prahran
Windsor 3181,Windsor
Prahran East 3181,Prahran East
St Kilda West 3182,St Kilda West
St Kilda South 3182,St Kilda South
St Kilda 3182,St Kilda
St Kilda East 3183,St Kilda East
Balaclava 3183,Balaclava
Elwood 3184,Elwood
Brighton Road 3184,Brighton Road
Ripponlea 3185,Ripponlea
Elsternwick 3185,Elsternwick
Gardenvale 3185,Gardenvale
Brighton North 3186,Brighton North
Were Street Po 3186,Were Street Po
Brighton 3186,Brighton
Dendy 3186,Dendy
Brighton East 3187,Brighton East
North Road 3187,North Road
Hampton East 3188,Hampton East
Hampton 3188,Hampton
Hampton North 3188,Hampton North
Moorabbin 3189,Moorabbin
Wishart 3189,Wishart
Moorabbin East 3189,Moorabbin East
Highett 3190,Highett
Sandringham 3191,Sandringham
Cheltenham 3192,Cheltenham
Southland Centre 3192,Southland Centre
Cheltenham East 3192,Cheltenham East
Beaumaris 3193,Beaumaris
Black Rock 3193,Black Rock
Black Rock North 3193,Black Rock North
Cromer 3193,Cromer
Mentone 3194,Mentone
Mentone East 3194,Mentone East
Moorabbin Airport 3194,Moorabbin Airport
Aspendale Gardens 3195,Aspendale Gardens
Aspendale 3195,Aspendale
Waterways 3195,Waterways
Braeside 3195,Braeside
Parkdale 3195,Parkdale
Mordialloc 3195,Mordialloc
Edithvale 3196,Edithvale
Bonbeach 3196,Bonbeach
Chelsea Heights 3196,Chelsea Heights
Chelsea 3196,Chelsea
Carrum 3197,Carrum
Patterson Lakes 3197,Patterson Lakes
Seaford 3198,Seaford
Belvedere Park 3198,Belvedere Park
Frankston 3199,Frankston
Frankston East 3199,Frankston East
Frankston Heights 3199,Frankston Heights
Frankston South 3199,Frankston South
Karingal Centre 3199,Karingal Centre
Karingal 3199,Karingal
Frankston North 3200,Frankston North
Pines Forest 3200,Pines Forest
Carrum Downs 3201,Carrum Downs
Heatherton 3202,Heatherton
Patterson 3204,Patterson
Bentleigh 3204,Bentleigh
Ormond 3204,Ormond
Mckinnon 3204,Mckinnon
South Melbourne Dc 3205,South Melbourne Dc
South Melbourne 3205,South Melbourne
Albert Park 3206,Albert Park
Middle Park 3206,Middle Park
Garden City 3207,Garden City
Port Melbourne 3207,Port Melbourne
Little River 3211,Little River
Lara 3212,Lara
Avalon 3212,Avalon
Point Wilson 3212,Point Wilson
Batesford 3213,Batesford
Lovely Banks 3213,Lovely Banks
Moorabool 3213,Moorabool
Anakie 3213,Anakie
Corio 3214,Corio
North Shore 3214,North Shore
Norlane 3214,Norlane
Rippleside 3215,Rippleside
North Geelong 3215,North Geelong
Geelong North 3215,Geelong North
Bell Park 3215,Bell Park
Bell Post Hill 3215,Bell Post Hill
Drumcondra 3215,Drumcondra
Hamlyn Heights 3215,Hamlyn Heights
Mount Duneed 3216,Mount Duneed
Freshwater Creek 3216,Freshwater Creek
Grovedale 3216,Grovedale
Grovedale East 3216,Grovedale East
Marshall 3216,Marshall
Waurn Ponds 3216,Waurn Ponds
Wandana Heights 3216,Wandana Heights
Belmont 3216,Belmont
Highton 3216,Highton
Charlemont 3217,Charlemont
Mount Duneed 3217,Mount Duneed
Freshwater Creek 3217,Freshwater Creek
Armstrong Creek 3217,Armstrong Creek
Deakin University 3217,Deakin University
Stonehaven 3218,Stonehaven
Manifold Heights 3218,Manifold Heights
Murgheboluc 3218,Murgheboluc
Fyansford 3218,Fyansford
Geelong West 3218,Geelong West
Herne Hill 3218,Herne Hill
Breakwater 3219,Breakwater
Newcomb 3219,Newcomb
St Albans Park 3219,St Albans Park
Whittington 3219,Whittington
Thomson 3219,Thomson
East Geelong 3219,East Geelong
Geelong 3220,Geelong
South Geelong 3220,South Geelong
Bareena 3220,Bareena
Newtown 3220,Newtown
Wallington 3221,Wallington
Lovely Banks 3221,Lovely Banks
Moolap 3221,Moolap
Bellarine 3221,Bellarine
Stonehaven 3221,Stonehaven
Wye River 3221,Wye River
Barrabool 3221,Barrabool
Wongarra 3221,Wongarra
Moorabool 3221,Moorabool
Geelong Mc 3221,Geelong Mc
Fyansford 3221,Fyansford
Staughton Vale 3221,Staughton Vale
Gnarwarre 3221,Gnarwarre
Murgheboluc 3221,Murgheboluc
Anakie 3221,Anakie
Ceres 3221,Ceres
Kennett River 3221,Kennett River
Batesford 3221,Batesford
Wallington 3222,Wallington
Clifton Springs 3222,Clifton Springs
Drysdale 3222,Drysdale
Mannerim 3222,Mannerim
Marcus Hill 3222,Marcus Hill
Curlewis 3222,Curlewis
Indented Head 3223,Indented Head
St Leonards 3223,St Leonards
Portarlington 3223,Portarlington
Bellarine 3223,Bellarine
Moolap 3224,Moolap
Leopold 3224,Leopold
Swan Island 3225,Swan Island
Queenscliff 3225,Queenscliff
Point Lonsdale 3225,Point Lonsdale
Swan Bay 3225,Swan Bay
Ocean Grove 3226,Ocean Grove
Breamlea 3227,Breamlea
Connewarre 3227,Connewarre
Barwon Heads 3227,Barwon Heads
Bellbrae 3228,Bellbrae
Torquay 3228,Torquay
Jan Juc 3228,Jan Juc
Bells Beach 3228,Bells Beach
Anglesea 3230,Anglesea
Fairhaven 3231,Fairhaven
Eastern View 3231,Eastern View
Aireys Inlet 3231,Aireys Inlet
Big Hill 3231,Big Hill
Moggs Creek 3231,Moggs Creek
Lorne 3232,Lorne
Marengo 3233,Marengo
Apollo Bay 3233,Apollo Bay
Cape Otway 3233,Cape Otway
Skenes Creek 3233,Skenes Creek
Petticoat Creek 3233,Petticoat Creek
Skenes Creek North 3233,Skenes Creek North
Wye River 3234,Wye River
Wongarra 3234,Wongarra
Kennett River 3234,Kennett River
Separation Creek 3234,Separation Creek
Grey River 3234,Grey River
Sugarloaf 3234,Sugarloaf
Boonah 3235,Boonah
Pennyroyal 3235,Pennyroyal
Benwerrin 3235,Benwerrin
Deans Marsh 3235,Deans Marsh
Forrest 3236,Forrest
Mount Sabine 3236,Mount Sabine
Wattle Hill 3237,Wattle Hill
Aire Valley 3237,Aire Valley
Weeaproinah 3237,Weeaproinah
Beech Forest 3237,Beech Forest
Gellibrand Lower 3237,Gellibrand Lower
Wyelangta 3237,Wyelangta
Ferguson 3237,Ferguson
Yuulong 3237,Yuulong
Hordern Vale 3238,Hordern Vale
Lavers Hill 3238,Lavers Hill
Glenaire 3238,Glenaire
Johanna 3238,Johanna
Gellibrand 3239,Gellibrand
Carlisle River 3239,Carlisle River
Chapple Vale 3239,Chapple Vale
Kennedys Creek 3239,Kennedys Creek
Moriac 3240,Moriac
Mount Moriac 3240,Mount Moriac
Modewarre 3240,Modewarre
Buckley 3240,Buckley
Gherang 3240,Gherang
Paraparap 3240,Paraparap
Bambra 3241,Bambra
Wensleydale 3241,Wensleydale
Winchelsea 3241,Winchelsea
Ombersley 3241,Ombersley
Wurdiboluc 3241,Wurdiboluc
Winchelsea South 3241,Winchelsea South
Birregurra 3242,Birregurra
Whoorel 3243,Whoorel
Barwon Downs 3243,Barwon Downs
Murroon 3243,Murroon
Gerangamete 3243,Gerangamete
Warncoort 3243,Warncoort
Ondit 3249,Ondit
Gerangamete 3249,Gerangamete
Coragulac 3249,Coragulac
Dreeite 3249,Dreeite
Tanybryn 3249,Tanybryn
Warrion 3249,Warrion
Irrewarra 3249,Irrewarra
Nalangil 3249,Nalangil
Irrewillipe East 3249,Irrewillipe East
Barongarook 3249,Barongarook
Yeodene 3249,Yeodene
Wool Wool 3249,Wool Wool
Barongarook West 3249,Barongarook West
Alvie 3249,Alvie
Barramunga 3249,Barramunga
Irrewillipe 3249,Irrewillipe
Yeo 3249,Yeo
Swan Marsh 3249,Swan Marsh
Corunnun 3249,Corunnun
Larpent 3249,Larpent
Pomborneit East 3249,Pomborneit East
Kawarren 3249,Kawarren
Dreeite South 3249,Dreeite South
Pirron Yallock 3249,Pirron Yallock
Balintore 3249,Balintore
Colac 3250,Colac
Elliminyt 3250,Elliminyt
Colac West 3250,Colac West
Colac East 3250,Colac East
Cundare North 3251,Cundare North
Beeac 3251,Beeac
Eurack 3251,Eurack
Cundare 3251,Cundare
Weering 3251,Weering
Cororooke 3254,Cororooke
Leslie Manor 3260,Leslie Manor
Weerite 3260,Weerite
Bostocks Creek 3260,Bostocks Creek
Carpendeit 3260,Carpendeit
Kariah 3260,Kariah
Camperdown 3260,Camperdown
Skibo 3260,Skibo
South Purrumbete 3260,South Purrumbete
Gnotuk 3260,Gnotuk
Pomborneit 3260,Pomborneit
Koallah 3260,Koallah
Tesbury 3260,Tesbury
Pomborneit North 3260,Pomborneit North
Bungador 3260,Bungador
Bookaar 3260,Bookaar
Tandarook 3260,Tandarook
Chocolyn 3260,Chocolyn
Stonyford 3260,Stonyford
Terang 3264,Terang
Framlingham 3265,Framlingham
Dixie 3265,Dixie
Cudgee 3265,Cudgee
Glenormiston South 3265,Glenormiston South
Ellerslie 3265,Ellerslie
Glenormiston North 3265,Glenormiston North
Garvoc 3265,Garvoc
Taroon 3265,Taroon
The Sisters 3265,The Sisters
Kolora 3265,Kolora
Noorat East 3265,Noorat East
Boorcan 3265,Boorcan
Ecklin South 3265,Ecklin South
Panmure 3265,Panmure
Framlingham East 3265,Framlingham East
Laang 3265,Laang
Noorat 3265,Noorat
Glenfyne 3266,Glenfyne
Elingamite North 3266,Elingamite North
Bullaharre 3266,Bullaharre
Elingamite 3266,Elingamite
Cobrico 3266,Cobrico
Jancourt East 3266,Jancourt East
Jancourt 3266,Jancourt
Naroghid 3266,Naroghid
Cobden 3266,Cobden
Simpson 3266,Simpson
Scotts Creek 3267,Scotts Creek
The Cove 3268,The Cove
Nirranda 3268,Nirranda
Nullawarre North 3268,Nullawarre North
Curdie Vale 3268,Curdie Vale
Cowleys Creek 3268,Cowleys Creek
Timboon West 3268,Timboon West
Nullawarre 3268,Nullawarre
Ayrford 3268,Ayrford
Timboon 3268,Timboon
Heytesbury Lower 3268,Heytesbury Lower
Curdievale 3268,Curdievale
Cooriemungle 3268,Cooriemungle
Curdies River 3268,Curdies River
Newfield 3268,Newfield
Nirranda East 3268,Nirranda East
Brucknell 3268,Brucknell
Paaratte 3268,Paaratte
Nirranda South 3268,Nirranda South
Princetown 3269,Princetown
Port Campbell 3269,Port Campbell
Waarre 3269,Waarre
Peterborough 3270,Peterborough
Dundonnell 3271,Dundonnell
Darlington 3271,Darlington
Pura Pura 3271,Pura Pura
Mortlake 3272,Mortlake
Woorndoo 3272,Woorndoo
Hexham 3273,Hexham
Caramut 3274,Caramut
Mailer Flat 3275,Mailer Flat
Mailors Flat 3275,Mailors Flat
Woolsthorpe 3276,Woolsthorpe
Minjah 3276,Minjah
Mepunga East 3277,Mepunga East
Allansford 3277,Allansford
Mepunga 3277,Mepunga
Naringal 3277,Naringal
Mepunga West 3277,Mepunga West
Naringal East 3277,Naringal East
Purnim 3278,Purnim
Purnim West 3278,Purnim West
Ballangeich 3279,Ballangeich
Wangoom 3279,Wangoom
Warrnambool 3280,Warrnambool
Dennington 3280,Dennington
Woodford 3281,Woodford
Grassmere 3281,Grassmere
Winslow 3281,Winslow
Bushfield 3281,Bushfield
Illowa 3282,Illowa
Koroit 3282,Koroit
Yarpturk 3283,Yarpturk
Southern Cross 3283,Southern Cross
Kirkstall 3283,Kirkstall
Willatook 3283,Willatook
Warrong 3283,Warrong
Killarney 3283,Killarney
Tower Hill 3283,Tower Hill
Crossley 3283,Crossley
Tarrone 3283,Tarrone
Yangery 3283,Yangery
Orford 3284,Orford
Port Fairy 3284,Port Fairy
Yambuk 3285,Yambuk
Codrington 3285,Codrington
Narrawong 3285,Narrawong
Tyrendarra East 3285,Tyrendarra East
Rosebrook 3285,Rosebrook
Tyrendarra 3285,Tyrendarra
St Helens 3285,St Helens
Toolong 3285,Toolong
Warrabkook 3286,Warrabkook
Knebsworth 3286,Knebsworth
Macarthur 3286,Macarthur
Condah Swamp 3286,Condah Swamp
Hawkesdale 3287,Hawkesdale
Minhamite 3287,Minhamite
Penshurst 3289,Penshurst
Gerrigerrup 3289,Gerrigerrup
Tabor 3289,Tabor
Purdeet 3289,Purdeet
Gazette 3289,Gazette
Nelson 3292,Nelson
Glenthompson 3293,Glenthompson
Narrapumelap South 3293,Narrapumelap South
Nareeb 3293,Nareeb
Moutajup 3294,Moutajup
Karabeal 3294,Karabeal
Victoria Valley 3294,Victoria Valley
Mirranatwa 3294,Mirranatwa
Dunkeld 3294,Dunkeld
Woodhouse 3294,Woodhouse
Victoria Point 3294,Victoria Point
Hamilton 3300,Hamilton
Byaduk North 3300,Byaduk North
Tahara 3301,Tahara
Tarrington 3301,Tarrington
Hensley Park 3301,Hensley Park
Warrayure 3301,Warrayure
Byaduk 3301,Byaduk
Strathkellar 3301,Strathkellar
Mount Napier 3301,Mount Napier
Yulecart 3301,Yulecart
Broadwater 3301,Broadwater
Yatchaw 3301,Yatchaw
Wannon 3301,Wannon
Buckley Swamp 3301,Buckley Swamp
Bochara 3301,Bochara
Croxton East 3301,Croxton East
Morgiana 3301,Morgiana
Grassdale 3302,Grassdale
Branxholme 3302,Branxholme
Hotspur 3303,Hotspur
Breakaway Creek 3303,Breakaway Creek
Condah 3303,Condah
Lake Condah 3303,Lake Condah
Wallacedale 3303,Wallacedale
Drumborg 3304,Drumborg
Greenwald 3304,Greenwald
Lyons 3304,Lyons
Drik Drik 3304,Drik Drik
Winnap 3304,Winnap
Mumbannar 3304,Mumbannar
Bessiebelle 3304,Bessiebelle
Heywood 3304,Heywood
Milltown 3304,Milltown
Myamyn 3304,Myamyn
Homerton 3304,Homerton
Dartmoor 3304,Dartmoor
Portland 3305,Portland
Gorae West 3305,Gorae West
Portland West 3305,Portland West
Mount Richmond 3305,Mount Richmond
Allestree 3305,Allestree
Bolwarra 3305,Bolwarra
Gorae 3305,Gorae
Cape Bridgewater 3305,Cape Bridgewater
Dutton Way 3305,Dutton Way
Cashmore 3305,Cashmore
Heathmere 3305,Heathmere
Portland North 3305,Portland North
Digby 3309,Digby
Merino 3310,Merino
Tahara West 3310,Tahara West
Casterton 3311,Casterton
Corndale 3311,Corndale
Killara 3312,Killara
Carapook 3312,Carapook
Dergholm 3312,Dergholm
Warrock 3312,Warrock
Strathdownie 3312,Strathdownie
Wando Vale 3312,Wando Vale
Wando Bridge 3312,Wando Bridge
Dorodong 3312,Dorodong
Powers Creek 3312,Powers Creek
Bahgallah 3312,Bahgallah
Poolaijelo 3312,Poolaijelo
Lindsay 3312,Lindsay
Chetwynd 3312,Chetwynd
Lake Mundi 3312,Lake Mundi
Dunrobin 3312,Dunrobin
Sandford 3312,Sandford
Henty 3312,Henty
Nangeela 3312,Nangeela
Brimboal 3312,Brimboal
Bulart 3314,Bulart
Cavendish 3314,Cavendish
Glenisla 3314,Glenisla
Grampians 3314,Grampians
Mooralla 3314,Mooralla
Melville Forest 3315,Melville Forest
Konongwootong 3315,Konongwootong
Gritjurk 3315,Gritjurk
Gringegalgona 3315,Gringegalgona
Coleraine 3315,Coleraine
Brit Brit 3315,Brit Brit
Tarrayoukyan 3315,Tarrayoukyan
Culla 3315,Culla
Nareen 3315,Nareen
Paschendale 3315,Paschendale
Tarrenlea 3315,Tarrenlea
Tahara Bridge 3315,Tahara Bridge
Muntham 3315,Muntham
Clover Flat 3315,Clover Flat
Wootong Vale 3315,Wootong Vale
Hilgay 3315,Hilgay
Coojar 3315,Coojar
Harrow 3317,Harrow
Ullswater 3318,Ullswater
Langkoop 3318,Langkoop
Kadnook 3318,Kadnook
Charam 3318,Charam
Edenhope 3318,Edenhope
Patyah 3318,Patyah
Connewirricoo 3318,Connewirricoo
Apsley 3319,Apsley
Benayeo 3319,Benayeo
Bringalbert 3319,Bringalbert
Inverleigh 3321,Inverleigh
Wingeel 3321,Wingeel
Hesse 3321,Hesse
Cressy 3322,Cressy
Duverney 3323,Duverney
Foxhow 3323,Foxhow
Berrybank 3323,Berrybank
Lismore 3324,Lismore
Mingay 3324,Mingay
Mount Bute 3324,Mount Bute
Derrinallum 3325,Derrinallum
Larralea 3325,Larralea
Vite Vite North 3325,Vite Vite North
Vite Vite 3325,Vite Vite
Teesdale 3328,Teesdale
Barunah Plains 3329,Barunah Plains
Shelford 3329,Shelford
Barunah Park 3329,Barunah Park
Rokewood 3330,Rokewood
Russells Bridge 3331,Russells Bridge
Gheringhap 3331,Gheringhap
Steiglitz 3331,Steiglitz
She Oaks 3331,She Oaks
Bannockburn 3331,Bannockburn
Sutherlands Creek 3331,Sutherlands Creek
Maude 3331,Maude
Lethbridge 3332,Lethbridge
Bamganie 3333,Bamganie
Meredith 3333,Meredith
Cargerie 3334,Cargerie
Morrisons 3334,Morrisons
Elaine 3334,Elaine
Mount Doran 3334,Mount Doran
Bungal 3334,Bungal
Plumpton 3335,Plumpton
Rockbank 3335,Rockbank
Melton West 3337,Melton West
Melton 3337,Melton
Toolern Vale 3337,Toolern Vale
Kurunjang 3337,Kurunjang
Eynesbury 3338,Eynesbury
Brookfield 3338,Brookfield
Melton South 3338,Melton South
Exford 3338,Exford
Balliang East 3340,Balliang East
Rowsley 3340,Rowsley
Darley 3340,Darley
Glenmore 3340,Glenmore
Maddingley 3340,Maddingley
Merrimu 3340,Merrimu
Hopetoun Park 3340,Hopetoun Park
Parwan 3340,Parwan
Staughton Vale 3340,Staughton Vale
Long Forest 3340,Long Forest
Balliang 3340,Balliang
Coimadai 3340,Coimadai
Bacchus Marsh 3340,Bacchus Marsh
Korobeit 3341,Korobeit
Pentland Hills 3341,Pentland Hills
Dales Creek 3341,Dales Creek
Myrniong 3341,Myrniong
Greendale 3341,Greendale
Beremboke 3342,Beremboke
Ballan 3342,Ballan
Blakeville 3342,Blakeville
Ingliston 3342,Ingliston
Mount Wallace 3342,Mount Wallace
Colbrook 3342,Colbrook
Fiskville 3342,Fiskville
Durdidwarrah 3342,Durdidwarrah
Bunding 3342,Bunding
Gordon 3345,Gordon
Nerrina 3350,Nerrina
Soldiers Hill 3350,Soldiers Hill
Ballarat North 3350,Ballarat North
Eureka 3350,Eureka
Lake Wendouree 3350,Lake Wendouree
Mount Clear 3350,Mount Clear
Golden Point 3350,Golden Point
Ballarat 3350,Ballarat
Ballarat West 3350,Ballarat West
Mount Helen 3350,Mount Helen
Ballarat Central 3350,Ballarat Central
Black Hill 3350,Black Hill
Sovereign Hill 3350,Sovereign Hill
Canadian 3350,Canadian
Alfredton 3350,Alfredton
Ballarat East 3350,Ballarat East
Invermay Park 3350,Invermay Park
Newington 3350,Newington
Brown Hill 3350,Brown Hill
Mount Pleasant 3350,Mount Pleasant
Bakery Hill 3350,Bakery Hill
Lucas 3350,Lucas
Redan 3350,Redan
Berringa 3351,Berringa
Rokewood Junction 3351,Rokewood Junction
Newtown 3351,Newtown
Staffordshire Reef 3351,Staffordshire Reef
Haddon 3351,Haddon
Chepstowe 3351,Chepstowe
Scarsdale 3351,Scarsdale
Mount Emu 3351,Mount Emu
Pitfield 3351,Pitfield
Hillcrest 3351,Hillcrest
Piggoreet 3351,Piggoreet
Westmere 3351,Westmere
Carngham 3351,Carngham
Nintingbool 3351,Nintingbool
Nerrin Nerrin 3351,Nerrin Nerrin
Lake Bolac 3351,Lake Bolac
Illabarook 3351,Illabarook
Ross Creek 3351,Ross Creek
Mininera 3351,Mininera
Smythes Creek 3351,Smythes Creek
Bo Peep 3351,Bo Peep
Wallinduc 3351,Wallinduc
Smythesdale 3351,Smythesdale
Cape Clear 3351,Cape Clear
Springdallah 3351,Springdallah
Snake Valley 3351,Snake Valley
Streatham 3351,Streatham
Pootilla 3352,Pootilla
Lal Lal 3352,Lal Lal
Bolwarrah 3352,Bolwarrah
Grenville 3352,Grenville
Lamplough 3352,Lamplough
Dereel 3352,Dereel
Millbrook 3352,Millbrook
Lexton 3352,Lexton
Addington 3352,Addington
Mitchell Park 3352,Mitchell Park
Learmonth 3352,Learmonth
Wallace 3352,Wallace
Magpie 3352,Magpie
Sulky 3352,Sulky
Enfield 3352,Enfield
Windermere 3352,Windermere
Invermay 3352,Invermay
Corindhap 3352,Corindhap
Cardigan Village 3352,Cardigan Village
Glenbrae 3352,Glenbrae
Durham Lead 3352,Durham Lead
Weatherboard 3352,Weatherboard
Springbank 3352,Springbank
Clarendon 3352,Clarendon
Scotsburn 3352,Scotsburn
Barkstead 3352,Barkstead
Cambrian Hill 3352,Cambrian Hill
Werneth 3352,Werneth
Clarkes Hill 3352,Clarkes Hill
Mount Rowan 3352,Mount Rowan
Garibaldi 3352,Garibaldi
Brewster 3352,Brewster
Miners Rest 3352,Miners Rest
Navigators 3352,Navigators
Mount Egerton 3352,Mount Egerton
Bonshaw 3352,Bonshaw
Blowhard 3352,Blowhard
Bungaree 3352,Bungaree
Yendon 3352,Yendon
Warrenheip 3352,Warrenheip
Wattle Flat 3352,Wattle Flat
Gong Gong 3352,Gong Gong
Bunkers Hill 3352,Bunkers Hill
Dean 3352,Dean
Claretown 3352,Claretown
Leigh Creek 3352,Leigh Creek
Napoleons 3352,Napoleons
Mount Mercer 3352,Mount Mercer
Burrumbeet 3352,Burrumbeet
Bullarook 3352,Bullarook
Ercildoune 3352,Ercildoune
Mollongghip 3352,Mollongghip
Scotchmans Lead 3352,Scotchmans Lead
Waubra 3352,Waubra
Mount Bolton 3352,Mount Bolton
Cardigan 3352,Cardigan
Glen Park 3352,Glen Park
Dunnstown 3352,Dunnstown
Chapel Flat 3352,Chapel Flat
Langi Kal Kal 3352,Langi Kal Kal
Ballarat Roadside Delivery 3352,Ballarat Roadside Delivery
Ballarat 3353,Ballarat
Ballarat Mc 3354,Ballarat Mc
Bakery Hill 3354,Bakery Hill
Lake Gardens 3355,Lake Gardens
Wendouree 3355,Wendouree
Wendouree Village 3355,Wendouree Village
Mitchell Park 3355,Mitchell Park
Sebastopol 3356,Sebastopol
Delacombe 3356,Delacombe
Buninyong 3357,Buninyong
Willowvale 3360,Willowvale
Mannibadar 3360,Mannibadar
Pittong 3360,Pittong
Happy Valley 3360,Happy Valley
Linton 3360,Linton
Bradvale 3361,Bradvale
Skipton 3361,Skipton
Carranballac 3361,Carranballac
Tourello 3363,Tourello
Creswick 3363,Creswick
Mount Beckworth 3363,Mount Beckworth
Glendaruel 3363,Glendaruel
Creswick North 3363,Creswick North
Dean 3363,Dean
Langdons Hill 3363,Langdons Hill
Kooroocheang 3364,Kooroocheang
Kingston 3364,Kingston
Cabbage Tree 3364,Cabbage Tree
Allendale 3364,Allendale
Strathlea 3364,Strathlea
Mount Prospect 3364,Mount Prospect
Newlyn North 3364,Newlyn North
Barkstead 3364,Barkstead
Lawrence 3364,Lawrence
Coghills Creek 3364,Coghills Creek
Smeaton 3364,Smeaton
Broomfield 3364,Broomfield
Bald Hills 3364,Bald Hills
Smokeytown 3364,Smokeytown
Newlyn 3364,Newlyn
Werona 3364,Werona
Ascot 3364,Ascot
Rocklyn 3364,Rocklyn
Joyces Creek 3364,Joyces Creek
Campbelltown 3364,Campbelltown
Ullina 3364,Ullina
Springmount 3364,Springmount
Glendonald 3364,Glendonald
Blampied 3364,Blampied
Clunes 3370,Clunes
Mount Cameron 3370,Mount Cameron
Ullina 3370,Ullina
Glengower 3370,Glengower
Evansford 3371,Evansford
Stony Creek 3371,Stony Creek
Dunach 3371,Dunach
Burnbank 3371,Burnbank
Amherst 3371,Amherst
Talbot 3371,Talbot
Caralulup 3371,Caralulup
Lillicur 3371,Lillicur
Mount Glasgow 3371,Mount Glasgow
Red Lion 3371,Red Lion
Stockyard Hill 3373,Stockyard Hill
Waterloo 3373,Waterloo
Nerring 3373,Nerring
Beaufort 3373,Beaufort
Trawalla 3373,Trawalla
Cross Roads 3373,Cross Roads
Main Lead 3373,Main Lead
Lake Goldsmith 3373,Lake Goldsmith
Chute 3373,Chute
Raglan 3373,Raglan
Lake Wongan 3373,Lake Wongan
Stoneleigh 3373,Stoneleigh
Mena Park 3373,Mena Park
Great Western 3374,Great Western
Middle Creek 3375,Middle Creek
Bayindeen 3375,Bayindeen
Buangor 3375,Buangor
Ballyrogan 3375,Ballyrogan
Norval 3377,Norval
Mount Cole Creek 3377,Mount Cole Creek
Denicull Creek 3377,Denicull Creek
Moyston 3377,Moyston
Maroona 3377,Maroona
Eversley 3377,Eversley
Dunneworthy 3377,Dunneworthy
Warrak 3377,Warrak
Mount Cole 3377,Mount Cole
Bulgana 3377,Bulgana
Langi Logan 3377,Langi Logan
Dobie 3377,Dobie
Great Western 3377,Great Western
Rhymney 3377,Rhymney
Cathcart 3377,Cathcart
Armstrong 3377,Armstrong
Ararat 3377,Ararat
Crowlands 3377,Crowlands
Rocky Point 3377,Rocky Point
Shays Flat 3377,Shays Flat
Rossbridge 3377,Rossbridge
Tatyoon 3378,Tatyoon
Yalla-Y-Poora 3378,Yalla-Y-Poora
Willaura North 3379,Willaura North
Chatsworth 3379,Chatsworth
Stavely 3379,Stavely
Wickliffe 3379,Wickliffe
Bornes Hill 3379,Bornes Hill
Willaura 3379,Willaura
Mafeking 3379,Mafeking
Stawell 3380,Stawell
Stawell West 3380,Stawell West
Pomonal 3381,Pomonal
Bellfield 3381,Bellfield
Lubeck 3381,Lubeck
Lake Lonsdale 3381,Lake Lonsdale
Illawarra 3381,Illawarra
Fyans Creek 3381,Fyans Creek
Bellellen 3381,Bellellen
Barkly 3381,Barkly
Campbells Bridge 3381,Campbells Bridge
Halls Gap 3381,Halls Gap
Mount Dryden 3381,Mount Dryden
Lake Fyans 3381,Lake Fyans
Black Range 3381,Black Range
Mokepilly 3381,Mokepilly
Wattle Creek 3384,Wattle Creek
Navarre 3384,Navarre
Joel Joel 3384,Joel Joel
Concongella 3384,Concongella
Landsborough 3384,Landsborough
Barkly 3384,Barkly
Tulkara 3384,Tulkara
Joel South 3384,Joel South
Frenchmans 3384,Frenchmans
Landsborough West 3384,Landsborough West
Dadswells Bridge 3385,Dadswells Bridge
Deep Lead 3385,Deep Lead
Lubeck 3385,Lubeck
Wal Wal 3385,Wal Wal
Roses Gap 3385,Roses Gap
Glenorchy 3385,Glenorchy
Riachella 3385,Riachella
Ledcourt 3385,Ledcourt
Marnoo 3387,Marnoo
Callawadda 3387,Callawadda
Wallaloo East 3387,Wallaloo East
Wallaloo 3387,Wallaloo
Morrl Morrl 3387,Morrl Morrl
Bolangum 3387,Bolangum
Campbells Bridge 3387,Campbells Bridge
Marnoo West 3387,Marnoo West
Kanya 3387,Kanya
Germania 3387,Germania
Greens Creek 3387,Greens Creek
Rupanyup 3388,Rupanyup
Banyena 3388,Banyena
Kewell 3390,Kewell
Murtoa 3390,Murtoa
Brim 3391,Brim
Boolite 3392,Boolite
Sheep Hills 3392,Sheep Hills
Minyip 3392,Minyip
Kellalac 3393,Kellalac
Crymelon 3393,Crymelon
Bangerang 3393,Bangerang
Cannum 3393,Cannum
Warracknabeal 3393,Warracknabeal
Wilkur 3393,Wilkur
Aubrey 3393,Aubrey
Willenabrina 3393,Willenabrina
Lah 3393,Lah
Rosebery 3395,Rosebery
Kenmare 3395,Kenmare
Reedy Dam 3395,Reedy Dam
Beulah 3395,Beulah
Hopetoun 3396,Hopetoun
Horsham 3400,Horsham
Kalkee 3401,Kalkee
Bungalally 3401,Bungalally
Jung 3401,Jung
Gymbowen 3401,Gymbowen
Cherrypool 3401,Cherrypool
Nurrabiel 3401,Nurrabiel
Drung 3401,Drung
Blackheath 3401,Blackheath
Wallup 3401,Wallup
Karnak 3401,Karnak
Dooen 3401,Dooen
Haven 3401,Haven
Kanagulk 3401,Kanagulk
Longerenong 3401,Longerenong
Mckenzie Creek 3401,Mckenzie Creek
Quantong 3401,Quantong
Mockinya 3401,Mockinya
Telangatuk East 3401,Telangatuk East
Toolondo 3401,Toolondo
Brimpaen 3401,Brimpaen
Wail 3401,Wail
St Helens Plains 3401,St Helens Plains
Nurcoung 3401,Nurcoung
Wartook 3401,Wartook
Pimpinio 3401,Pimpinio
Wonwondah 3401,Wonwondah
Lower Norton 3401,Lower Norton
Zumsteins 3401,Zumsteins
Murra Warra 3401,Murra Warra
Riverside 3401,Riverside
Rocklands 3401,Rocklands
Vectis 3401,Vectis
Laharum 3401,Laharum
Horsham 3402,Horsham
Balmoral 3407,Balmoral
Vasey 3407,Vasey
Englefield 3407,Englefield
Pigeon Ponds 3407,Pigeon Ponds
Gatum 3407,Gatum
Miga Lake 3409,Miga Lake
Douglas 3409,Douglas
Mitre 3409,Mitre
Tooan 3409,Tooan
Natimuk 3409,Natimuk
Grass Flat 3409,Grass Flat
Arapiles 3409,Arapiles
Jilpanger 3409,Jilpanger
Clear Lake 3409,Clear Lake
Duchembegarra 3409,Duchembegarra
Noradjuha 3409,Noradjuha
Wombelano 3409,Wombelano
Goroke 3412,Goroke
Minimay 3413,Minimay
Neuarpurr 3413,Neuarpurr
Peronne 3413,Peronne
Ozenkadnook 3413,Ozenkadnook
Dimboola 3414,Dimboola
Antwerp 3414,Antwerp
Tarranyurk 3414,Tarranyurk
Miram 3415,Miram
Lawloit 3418,Lawloit
Lorquon 3418,Lorquon
Broughton 3418,Broughton
Yanac 3418,Yanac
Glenlee 3418,Glenlee
Netherby 3418,Netherby
Kiata 3418,Kiata
Gerang Gerung 3418,Gerang Gerung
Nhill 3418,Nhill
Little Desert 3418,Little Desert
Kaniva 3419,Kaniva
Serviceton 3420,Serviceton
Lillimur 3420,Lillimur
Telopea Downs 3420,Telopea Downs
Jeparit 3423,Jeparit
Albacutya 3424,Albacutya
Yaapeet 3424,Yaapeet
Rainbow 3424,Rainbow
Diggers Rest 3427,Diggers Rest
Bulla 3428,Bulla
Wildwood 3429,Wildwood
Sunbury 3429,Sunbury
Clarkefield 3430,Clarkefield
Riddells Creek 3431,Riddells Creek
Bolinda 3432,Bolinda
Monegeetta 3433,Monegeetta
Romsey 3434,Romsey
Kerrie 3434,Kerrie
Springfield 3434,Springfield
Cherokee 3434,Cherokee
Benloch 3435,Benloch
Lancefield 3435,Lancefield
Goldie 3435,Goldie
Nulla Vale 3435,Nulla Vale
Gisborne 3437,Gisborne
Bullengarook 3437,Bullengarook
Gisborne South 3437,Gisborne South
New Gisborne 3438,New Gisborne
Macedon 3440,Macedon
Mount Macedon 3441,Mount Macedon
Newham 3442,Newham
Carlsruhe 3442,Carlsruhe
Rochford 3442,Rochford
Hesket 3442,Hesket
Woodend 3442,Woodend
Woodend North 3442,Woodend North
Cobaw 3442,Cobaw
Cadello 3442,Cadello
Ashbourne 3442,Ashbourne
Tylden 3444,Tylden
Sidonia 3444,Sidonia
Langley 3444,Langley
Greenhill 3444,Greenhill
Glenhope 3444,Glenhope
Lauriston 3444,Lauriston
Spring Hill 3444,Spring Hill
Kyneton 3444,Kyneton
Redesdale 3444,Redesdale
Pastoria 3444,Pastoria
Mia Mia 3444,Mia Mia
Baynton 3444,Baynton
Barfold 3444,Barfold
Pipers Creek 3444,Pipers Creek
Tylden South 3444,Tylden South
Lyal 3444,Lyal
Baynton East 3444,Baynton East
Edgecombe 3444,Edgecombe
Metcalfe East 3444,Metcalfe East
Pastoria East 3444,Pastoria East
Kyneton South 3444,Kyneton South
Malmsbury 3446,Malmsbury
Drummond North 3446,Drummond North
Taradale 3447,Taradale
Sutton Grange 3448,Sutton Grange
Elphinstone 3448,Elphinstone
Metcalfe 3448,Metcalfe
Moonlight Flat 3450,Moonlight Flat
Castlemaine 3450,Castlemaine
Muckleford 3451,Muckleford
Barkers Creek 3451,Barkers Creek
Glenluce 3451,Glenluce
Chewton 3451,Chewton
Faraday 3451,Faraday
Guildford 3451,Guildford
Golden Point 3451,Golden Point
Mckenzie Hill 3451,Mckenzie Hill
Campbells Creek 3451,Campbells Creek
Fryerstown 3451,Fryerstown
Irishtown 3451,Irishtown
Yapeen 3451,Yapeen
Gower 3451,Gower
Chewton Bushlands 3451,Chewton Bushlands
Vaughan 3451,Vaughan
Tarilta 3451,Tarilta
Harcourt 3453,Harcourt
Ravenswood 3453,Ravenswood
Ravenswood South 3453,Ravenswood South
Harcourt North 3453,Harcourt North
Blackwood 3458,Blackwood
Fern Hill 3458,Fern Hill
Newbury 3458,Newbury
Trentham East 3458,Trentham East
Little Hampton 3458,Little Hampton
Barrys Reef 3458,Barrys Reef
Lerderderg 3458,Lerderderg
Trentham 3458,Trentham
North Blackwood 3458,North Blackwood
Daylesford 3460,Daylesford
Basalt 3460,Basalt
Korweinguboora 3461,Korweinguboora
Glenlyon 3461,Glenlyon
Strangways 3461,Strangways
Sailors Falls 3461,Sailors Falls
Hepburn Springs 3461,Hepburn Springs
Spargo Creek 3461,Spargo Creek
Lyonville 3461,Lyonville
Musk 3461,Musk
Sailors Hill 3461,Sailors Hill
Eganstown 3461,Eganstown
Musk Vale 3461,Musk Vale
Denver 3461,Denver
Yandoit Hills 3461,Yandoit Hills
Leonards Hill 3461,Leonards Hill
Franklinford 3461,Franklinford
Hepburn 3461,Hepburn
Clydesdale 3461,Clydesdale
Bullarto 3461,Bullarto
Coomoora 3461,Coomoora
Yandoit 3461,Yandoit
Mount Franklin 3461,Mount Franklin
Drummond 3461,Drummond
Wheatsheaf 3461,Wheatsheaf
Bullarto South 3461,Bullarto South
Porcupine Ridge 3461,Porcupine Ridge
Elevated Plains 3461,Elevated Plains
Dry Diggings 3461,Dry Diggings
Shepherds Flat 3461,Shepherds Flat
Newstead 3462,Newstead
Welshmans Reef 3462,Welshmans Reef
Green Gully 3462,Green Gully
Muckleford South 3462,Muckleford South
Sandon 3462,Sandon
Eastville 3463,Eastville
Maldon 3463,Maldon
Woodstock West 3463,Woodstock West
Laanecoorie 3463,Laanecoorie
Shelbourne 3463,Shelbourne
Walmer 3463,Walmer
Baringhup 3463,Baringhup
Nuggetty 3463,Nuggetty
Baringhup West 3463,Baringhup West
Bradford 3463,Bradford
Tarrengower 3463,Tarrengower
Neereman 3463,Neereman
Carisbrook 3464,Carisbrook
Rathscar 3465,Rathscar
Wareek 3465,Wareek
Adelaide Lead 3465,Adelaide Lead
Havelock 3465,Havelock
Timor West 3465,Timor West
Cotswold 3465,Cotswold
Alma 3465,Alma
Rathscar West 3465,Rathscar West
Bung Bong 3465,Bung Bong
Natte Yallock 3465,Natte Yallock
Maryborough 3465,Maryborough
Homebush 3465,Homebush
Majorca 3465,Majorca
Bowenvale 3465,Bowenvale
Daisy Hill 3465,Daisy Hill
Moolort 3465,Moolort
Flagstaff 3465,Flagstaff
Timor 3465,Timor
Golden Point 3465,Golden Point
Simson 3465,Simson
Craigie 3465,Craigie
Moonlight Flat 3465,Moonlight Flat
Avoca 3467,Avoca
Amphitheatre 3468,Amphitheatre
Mount Lonarch 3468,Mount Lonarch
Glenlofty 3469,Glenlofty
Elmhurst 3469,Elmhurst
Nowhere Creek 3469,Nowhere Creek
Glenpatrick 3469,Glenpatrick
Glenlogie 3469,Glenlogie
Eddington 3472,Eddington
Moliagul 3472,Moliagul
Bromley 3472,Bromley
Inkerman 3472,Inkerman
Goldsborough 3472,Goldsborough
Mcintyre 3472,Mcintyre
Dunluce 3472,Dunluce
Mount Hooghly 3472,Mount Hooghly
Bet Bet 3472,Bet Bet
Dunolly 3472,Dunolly
Betley 3472,Betley
Burkes Flat 3475,Burkes Flat
Archdale 3475,Archdale
Archdale Junction 3475,Archdale Junction
Emu 3475,Emu
Bealiba 3475,Bealiba
Cochranes Creek 3475,Cochranes Creek
Logan 3475,Logan
Beazleys Bridge 3477,Beazleys Bridge
Dalyenong 3477,Dalyenong
Carapooee 3477,Carapooee
Kooreh 3477,Kooreh
Rostron 3477,Rostron
Traynors Lagoon 3477,Traynors Lagoon
Redbank 3477,Redbank
Coonooer West 3477,Coonooer West
St Arnaud North 3477,St Arnaud North
Slaty Creek 3477,Slaty Creek
Moyreisk 3477,Moyreisk
Swanwater 3477,Swanwater
Avon Plains 3477,Avon Plains
Coonooer Bridge 3477,Coonooer Bridge
Paradise 3477,Paradise
Gre Gre South 3477,Gre Gre South
Gooroc 3477,Gooroc
Tottington 3477,Tottington
Gowar East 3477,Gowar East
St Arnaud East 3477,St Arnaud East
Winjallok 3477,Winjallok
Carapooee West 3477,Carapooee West
Gre Gre North 3477,Gre Gre North
Stuart Mill 3477,Stuart Mill
Gre Gre 3477,Gre Gre
Moolerr 3477,Moolerr
Marnoo East 3477,Marnoo East
Sutherland 3477,Sutherland
York Plains 3477,York Plains
Grays Bridge 3477,Grays Bridge
Dooboobetic 3478,Dooboobetic
Redbank 3478,Redbank
Warrenmang 3478,Warrenmang
Percydale 3478,Percydale
Medlyn 3478,Medlyn
Stuart Mill 3478,Stuart Mill
Tanwood 3478,Tanwood
Moonambel 3478,Moonambel
Yawong Hills 3478,Yawong Hills
St Arnaud 3478,St Arnaud
Laen North 3480,Laen North
Carron 3480,Carron
Swanwater West 3480,Swanwater West
Litchfield 3480,Litchfield
Areegra 3480,Areegra
Rich Avon 3480,Rich Avon
Rich Avon East 3480,Rich Avon East
Laen East 3480,Laen East
Corack East 3480,Corack East
Donald 3480,Donald
Cope Cope 3480,Cope Cope
Jeffcott 3480,Jeffcott
Rich Avon West 3480,Rich Avon West
Gil Gil 3480,Gil Gil
Corack 3480,Corack
Jeffcott North 3480,Jeffcott North
Laen 3480,Laen
Lawler 3480,Lawler
Massey 3482,Massey
Watchem 3482,Watchem
Morton Plains 3482,Morton Plains
Warmur 3482,Warmur
Watchem West 3482,Watchem West
Curyo 3483,Curyo
Whirily 3483,Whirily
Kinnabulla 3483,Kinnabulla
Birchip 3483,Birchip
Narraport 3483,Narraport
Jil Jil 3483,Jil Jil
Karyrie 3483,Karyrie
Birchip West 3483,Birchip West
Ballapur 3483,Ballapur
Marlbed 3483,Marlbed
Woomelang 3485,Woomelang
Watchupga 3485,Watchupga
Banyan 3485,Banyan
Willangie 3485,Willangie
Lascelles 3487,Lascelles
Turriff East 3488,Turriff East
Turriff 3488,Turriff
Speed 3488,Speed
Tempy 3489,Tempy
Tutye 3490,Tutye
Torrita 3490,Torrita
Boinka 3490,Boinka
Murray-Sunset 3490,Murray-Sunset
Big Desert 3490,Big Desert
Ouyen 3490,Ouyen
Kulwin 3490,Kulwin
Mittyack 3490,Mittyack
Patchewollock 3491,Patchewollock
Carwarp 3494,Carwarp
Nangiloc 3494,Nangiloc
Colignan 3494,Colignan
Iraak 3494,Iraak
Werrimull 3496,Werrimull
Meringur 3496,Meringur
Cardross 3496,Cardross
Neds Corner 3496,Neds Corner
Merrinee 3496,Merrinee
Red Cliffs 3496,Red Cliffs
Cullulleraine 3496,Cullulleraine
Lindsay Point 3496,Lindsay Point
Sunnycliffs 3496,Sunnycliffs
Irymple 3498,Irymple
Mildura 3500,Mildura
Mildura West 3500,Mildura West
Koorlong 3501,Koorlong
Mildura South 3501,Mildura South
Hattah 3501,Hattah
Nichols Point 3501,Nichols Point
Mildura Centre Plaza 3501,Mildura Centre Plaza
Mildura 3502,Mildura
Wargan 3505,Wargan
Merbein 3505,Merbein
Birdwoodton 3505,Birdwoodton
Merbein South 3505,Merbein South
Cabarita 3505,Cabarita
Yelta 3505,Yelta
Merbein West 3505,Merbein West
Cowangie 3506,Cowangie
Walpeup 3507,Walpeup
Linga 3509,Linga
Underbool 3509,Underbool
Panitya 3512,Panitya
Carina 3512,Carina
Murrayville 3512,Murrayville
Shelbourne 3515,Shelbourne
Wilsons Hill 3515,Wilsons Hill
Marong 3515,Marong
Bridgewater On Loddon 3516,Bridgewater On Loddon
Yarraberb 3516,Yarraberb
Derby 3516,Derby
Bridgewater 3516,Bridgewater
Bridgewater North 3516,Bridgewater North
Leichardt 3516,Leichardt
Kingower 3517,Kingower
Inglewood 3517,Inglewood
Salisbury West 3517,Salisbury West
Rheola 3517,Rheola
Powlett Plains 3517,Powlett Plains
Brenanah 3517,Brenanah
Serpentine 3517,Serpentine
Jarklin 3517,Jarklin
Kurting 3517,Kurting
Bears Lagoon 3517,Bears Lagoon
Glenalbyn 3517,Glenalbyn
Kurraca 3518,Kurraca
Nine Mile 3518,Nine Mile
Mysia 3518,Mysia
Borung 3518,Borung
Berrimal 3518,Berrimal
Kurraca West 3518,Kurraca West
Wedderburn 3518,Wedderburn
Fiery Flat 3518,Fiery Flat
Fernihurst 3518,Fernihurst
Wehla 3518,Wehla
Richmond Plains 3518,Richmond Plains
Woolshed Flat 3518,Woolshed Flat
Wedderburn Junction 3518,Wedderburn Junction
Skinners Flat 3518,Skinners Flat
Woosang 3518,Woosang
Fentons Creek 3518,Fentons Creek
Kinypanial 3520,Kinypanial
Korong Vale 3520,Korong Vale
Pyalong 3521,Pyalong
Glenhope East 3522,Glenhope East
Tooborac 3522,Tooborac
Redcastle 3523,Redcastle
Heathcote 3523,Heathcote
Derrinal 3523,Derrinal
Costerfield 3523,Costerfield
Argyle 3523,Argyle
Knowsley 3523,Knowsley
Heathcote South 3523,Heathcote South
Moormbool West 3523,Moormbool West
Mount Camel 3523,Mount Camel
Ladys Pass 3523,Ladys Pass
Wychitella North 3525,Wychitella North
Yeungroon East 3525,Yeungroon East
Barrakee 3525,Barrakee
Charlton 3525,Charlton
Lake Marmal 3525,Lake Marmal
Wooroonook 3525,Wooroonook
Wychitella 3525,Wychitella
Buckrabanyule 3525,Buckrabanyule
Yeungroon 3525,Yeungroon
Terrappee 3525,Terrappee
Chirrip 3525,Chirrip
Nareewillock 3525,Nareewillock
Granite Flat 3525,Granite Flat
Bunguluke 3527,Bunguluke
Dumosa 3527,Dumosa
Wycheproof 3527,Wycheproof
Jeruk 3527,Jeruk
Teddywaddy 3527,Teddywaddy
Ninyeunook 3527,Ninyeunook
Thalia 3527,Thalia
Teddywaddy West 3527,Teddywaddy West
Glenloth 3527,Glenloth
Towaninny South 3527,Towaninny South
Wycheproof South 3527,Wycheproof South
Towaninny 3527,Towaninny
Glenloth East 3527,Glenloth East
Kalpienung 3529,Kalpienung
Nullawil 3529,Nullawil
Sutton 3530,Sutton
Warne 3530,Warne
Culgoa 3530,Culgoa
Wangie 3530,Wangie
Boigbeat 3531,Boigbeat
Berriwillock 3531,Berriwillock
Sea Lake 3533,Sea Lake
Tyrrell 3533,Tyrrell
Nandaly 3533,Nandaly
Myall 3533,Myall
Ninda 3533,Ninda
Nyarrin 3533,Nyarrin
Straten 3533,Straten
Tyrrell Downs 3533,Tyrrell Downs
Pier Milan 3533,Pier Milan
Lake Tyrrell 3533,Lake Tyrrell
Bimbourie 3533,Bimbourie
Tyenna 3533,Tyenna
Yando 3537,Yando
Leaghur 3537,Leaghur
Canary Island 3537,Canary Island
Boort 3537,Boort
Gredgwin 3537,Gredgwin
Minmindie 3537,Minmindie
Catumnal 3537,Catumnal
Barraport 3537,Barraport
Barraport West 3537,Barraport West
Cannie 3540,Cannie
Quambatook 3540,Quambatook
Oakvale 3540,Oakvale
Lalbert 3542,Lalbert
Tittybong 3542,Tittybong
Cokum 3542,Cokum
Waitchie 3544,Waitchie
Ultima 3544,Ultima
Springfield 3544,Springfield
Gowanford 3544,Gowanford
Murnungin 3544,Murnungin
Ultima East 3544,Ultima East
Chinangin 3544,Chinangin
Manangatang 3546,Manangatang
Chinkapook 3546,Chinkapook
Bolton 3546,Bolton
Gerahmin 3546,Gerahmin
Turoar 3546,Turoar
Winnambool 3546,Winnambool
Cocamba 3546,Cocamba
Annuello 3549,Annuello
Wemen 3549,Wemen
Liparoo 3549,Liparoo
Robinvale 3549,Robinvale
Robinvale Irrigation District Section E 3549,Robinvale Irrigation District Section E
Happy Valley 3549,Happy Valley
Bannerton 3549,Bannerton
Tol Tol 3549,Tol Tol
Wandown 3549,Wandown
Robinvale Irrigation District Section B 3549,Robinvale Irrigation District Section B
Robinvale Irrigation District Section C 3549,Robinvale Irrigation District Section C
Robinvale Irrigation District Section D 3549,Robinvale Irrigation District Section D
Ironbark 3550,Ironbark
Bendigo 3550,Bendigo
Long Gully 3550,Long Gully
Spring Gully 3550,Spring Gully
Quarry Hill 3550,Quarry Hill
West Bendigo 3550,West Bendigo
North Bendigo 3550,North Bendigo
Strathdale 3550,Strathdale
Flora Hill 3550,Flora Hill
Sandhurst East 3550,Sandhurst East
White Hills 3550,White Hills
Bendigo South 3550,Bendigo South
Kennington 3550,Kennington
East Bendigo 3550,East Bendigo
Tysons Reef 3550,Tysons Reef
Woodstock On Loddon 3551,Woodstock On Loddon
Mandurang 3551,Mandurang
Longlea 3551,Longlea
Mandurang South 3551,Mandurang South
Sedgwick 3551,Sedgwick
Lockwood South 3551,Lockwood South
Ascot (Greater Bendigo) 3551,Ascot (Greater Bendigo)
Kimbolton 3551,Kimbolton
Tarnagulla 3551,Tarnagulla
Junortoun 3551,Junortoun
Emu Creek 3551,Emu Creek
Maiden Gully 3551,Maiden Gully
Lake Eppalock 3551,Lake Eppalock
Newbridge 3551,Newbridge
Arnold 3551,Arnold
Huntly 3551,Huntly
Huntly North 3551,Huntly North
Lockwood 3551,Lockwood
Bagshot 3551,Bagshot
Murphys Creek 3551,Murphys Creek
Arnold West 3551,Arnold West
Cornella 3551,Cornella
Axedale 3551,Axedale
Epsom 3551,Epsom
Bagshot North 3551,Bagshot North
Myola 3551,Myola
Strathfieldsaye 3551,Strathfieldsaye
Eppalock 3551,Eppalock
Wellsford 3551,Wellsford
Bendigo Forward 3551,Bendigo Forward
Toolleen 3551,Toolleen
Waanyarra 3551,Waanyarra
Llanelly 3551,Llanelly
Axe Creek 3551,Axe Creek
Myrtle Creek 3551,Myrtle Creek
Painswick 3551,Painswick
Bendigo 3552,Bendigo
Bendigo Dc 3554,Bendigo Dc
Golden Square 3555,Golden Square
Golden Gully 3555,Golden Gully
Kangaroo Flat 3555,Kangaroo Flat
Big Hill 3555,Big Hill
Lansell Plaza 3555,Lansell Plaza
Eaglehawk 3556,Eaglehawk
Sebastian 3556,Sebastian
Myers Flat 3556,Myers Flat
Jackass Flat 3556,Jackass Flat
California Gully 3556,California Gully
Woodvale 3556,Woodvale
Comet Hill 3556,Comet Hill
Campbells Forest 3556,Campbells Forest
Eaglehawk North 3556,Eaglehawk North
Whipstick 3556,Whipstick
Sailors Gully 3556,Sailors Gully
Barnadown 3557,Barnadown
Goornong 3557,Goornong
Muskerry 3557,Muskerry
Fosterville 3557,Fosterville
Hunter 3558,Hunter
Corop West 3558,Corop West
Elmore 3558,Elmore
Burnewang 3558,Burnewang
Runnymede 3558,Runnymede
Colbinabbin 3559,Colbinabbin
Gobarup 3559,Gobarup
Corop 3559,Corop
Avonmore 3559,Avonmore
Burramboot 3559,Burramboot
Ballendella 3561,Ballendella
Timmering 3561,Timmering
Rochester 3561,Rochester
Diggora 3561,Diggora
Nanneella 3561,Nanneella
Bamawm 3561,Bamawm
Bonn 3561,Bonn
Fairy Dell 3561,Fairy Dell
Torrumbarry 3562,Torrumbarry
Lockington 3563,Lockington
Echuca Village 3564,Echuca Village
Echuca 3564,Echuca
Patho 3564,Patho
Bamawm Extension 3564,Bamawm Extension
Kanyapella 3564,Kanyapella
Wharparilla 3564,Wharparilla
Simmie 3564,Simmie
Roslynmead 3564,Roslynmead
Echuca West 3564,Echuca West
Echuca South 3564,Echuca South
Kotta 3565,Kotta
Gunbower 3566,Gunbower
Leitchville 3567,Leitchville
Horfield 3567,Horfield
Mcmillans 3568,Mcmillans
Macorna North 3568,Macorna North
Gannawarra 3568,Gannawarra
Daltons Bridge 3568,Daltons Bridge
Keely 3568,Keely
Cohuna 3568,Cohuna
Burkes Bridge 3568,Burkes Bridge
Mead 3568,Mead
Wee Wee Rup 3568,Wee Wee Rup
Mincha West 3568,Mincha West
Cullen 3568,Cullen
Kamarooka 3570,Kamarooka
Neilborough 3570,Neilborough
Raywood 3570,Raywood
Drummartin 3570,Drummartin
Auchmore 3570,Auchmore
Pompapiel 3571,Pompapiel
Tandarra 3571,Tandarra
Dingee 3571,Dingee
Kamarooka North 3571,Kamarooka North
Milloo 3572,Milloo
Tennyson 3572,Tennyson
Prairie 3572,Prairie
Piavella 3572,Piavella
Mitiamo 3573,Mitiamo
Pine Grove 3573,Pine Grove
Calivil 3573,Calivil
Terrick Terrick East 3573,Terrick Terrick East
Pyramid Hill 3575,Pyramid Hill
Terrick Terrick 3575,Terrick Terrick
Mincha 3575,Mincha
Mologa 3575,Mologa
Gladfield 3575,Gladfield
Yarrawalla 3575,Yarrawalla
Sylvaterre 3575,Sylvaterre
Loddon Vale 3575,Loddon Vale
Jungaburra 3575,Jungaburra
Durham Ox 3576,Durham Ox
Tragowel 3579,Tragowel
Mystic Park 3579,Mystic Park
Fairley 3579,Fairley
Macorna 3579,Macorna
Milnes Bridge 3579,Milnes Bridge
Murrabit 3579,Murrabit
Kerang 3579,Kerang
Appin 3579,Appin
Koroop 3579,Koroop
Teal Point 3579,Teal Point
Myall 3579,Myall
Meering West 3579,Meering West
Dingwall 3579,Dingwall
Beauchamp 3579,Beauchamp
Budgerum East 3579,Budgerum East
Gonn Crossing 3579,Gonn Crossing
Murrabit West 3579,Murrabit West
Westby 3579,Westby
Appin South 3579,Appin South
Bael Bael 3579,Bael Bael
Benjeroop 3579,Benjeroop
Wandella 3579,Wandella
Capels Crossing 3579,Capels Crossing
Sandhill Lake 3579,Sandhill Lake
Pine View 3579,Pine View
Lake Meran 3579,Lake Meran
Kerang East 3579,Kerang East
Reedy Lake 3579,Reedy Lake
Normanville 3579,Normanville
Koondrook 3580,Koondrook
Lake Charm 3581,Lake Charm
Tresco 3583,Tresco
Lake Boga 3584,Lake Boga
Tresco West 3584,Tresco West
Chillingollah 3585,Chillingollah
Meatian 3585,Meatian
Kunat 3585,Kunat
Pira 3585,Pira
Goschen 3585,Goschen
Swan Hill 3585,Swan Hill
Nyrraby 3585,Nyrraby
Nowie 3585,Nowie
Winlaton 3585,Winlaton
Fish Point 3585,Fish Point
Swan Hill West 3585,Swan Hill West
Polisbet 3585,Polisbet
Castle Donnington 3585,Castle Donnington
Speewa 3585,Speewa
Tyntynder 3586,Tyntynder
Murrawee 3586,Murrawee
Tyntynder South 3586,Tyntynder South
Bulga 3586,Bulga
Pental Island 3586,Pental Island
Murraydale 3586,Murraydale
Woorinen South 3588,Woorinen South
Woorinen 3589,Woorinen
Woorinen North 3589,Woorinen North
Beverford 3590,Beverford
Vinifera 3591,Vinifera
Nyah 3594,Nyah
Nyah West 3595,Nyah West
Miralie 3596,Miralie
Wood Wood 3596,Wood Wood
Towan 3596,Towan
Natya 3597,Natya
Kooloonong 3597,Kooloonong
Narrung 3597,Narrung
Piangil 3597,Piangil
Lake Powell 3597,Lake Powell
Kenley 3597,Kenley
Boundary Bend 3599,Boundary Bend
Tabilk 3607,Tabilk
Wahring 3608,Wahring
Nagambie 3608,Nagambie
Graytown 3608,Graytown
Goulburn Weir 3608,Goulburn Weir
Wirrate 3608,Wirrate
Mitchellstown 3608,Mitchellstown
Kirwans Bridge 3608,Kirwans Bridge
Bailieston 3608,Bailieston
Moorilim 3610,Moorilim
Murchison North 3610,Murchison North
Murchison East 3610,Murchison East
Murchison 3610,Murchison
Dhurringile 3610,Dhurringile
Whroo 3612,Whroo
Rushworth 3612,Rushworth
Wanalta 3612,Wanalta
Waranga Shores 3612,Waranga Shores
Moora 3612,Moora
Toolamba 3614,Toolamba
Toolamba West 3614,Toolamba West
Harston 3616,Harston
Tatura 3616,Tatura
Waranga 3616,Waranga
Cooma 3616,Cooma
Tatura East 3616,Tatura East
Gillieston 3616,Gillieston
Girgarre East 3616,Girgarre East
Mooroopna North West 3616,Mooroopna North West
Byrneside 3617,Byrneside
Merrigum 3618,Merrigum
Kyabram 3619,Kyabram
Wyuna East 3620,Wyuna East
Lancaster 3620,Lancaster
Wyuna 3620,Wyuna
Kyabram 3620,Kyabram
Kyabram South 3620,Kyabram South
St Germains 3620,St Germains
Tongala 3621,Tongala
Koyuga South 3621,Koyuga South
Yambuna 3621,Yambuna
Kyvalley 3621,Kyvalley
Strathallan 3622,Strathallan
Koyuga 3622,Koyuga
Stanhope 3623,Stanhope
Carag Carag 3623,Carag Carag
Stanhope South 3623,Stanhope South
Girgarre 3624,Girgarre
Mooroopna North 3629,Mooroopna North
Mooroopna 3629,Mooroopna
Coomboona 3629,Coomboona
Ardmona 3629,Ardmona
Undera 3629,Undera
Shepparton 3630,Shepparton
Caniambo 3630,Caniambo
Dunkirk 3630,Dunkirk
Benarch 3630,Benarch
Shepparton South 3630,Shepparton South
Colliver 3630,Colliver
Branditt 3630,Branditt
Karramomus 3631,Karramomus
Orrvale 3631,Orrvale
Pine Lodge 3631,Pine Lodge
Kialla 3631,Kialla
Kialla West 3631,Kialla West
Cosgrove 3631,Cosgrove
Kialla East 3631,Kialla East
Shepparton East 3631,Shepparton East
Cosgrove South 3631,Cosgrove South
Shepparton North 3631,Shepparton North
Arcadia 3631,Arcadia
Arcadia South 3631,Arcadia South
Grahamvale 3631,Grahamvale
Tamleugh West 3631,Tamleugh West
Lemnos 3631,Lemnos
Shepparton 3632,Shepparton
Congupna 3633,Congupna
Zeerust 3634,Zeerust
Bunbartha 3634,Bunbartha
Tallygaroopna 3634,Tallygaroopna
Katandra 3634,Katandra
Marungi 3634,Marungi
Invergordon South 3634,Invergordon South
Katandra West 3634,Katandra West
Marionvale 3634,Marionvale
Mundoona 3635,Mundoona
Kaarimba 3635,Kaarimba
Wunghnu 3635,Wunghnu
Numurkah 3636,Numurkah
Drumanure 3636,Drumanure
Invergordon 3636,Invergordon
Naring 3636,Naring
Yalca 3637,Yalca
Waaia 3637,Waaia
Nathalia 3638,Nathalia
Kotupna 3638,Kotupna
Yielima 3638,Yielima
Lower Moira 3639,Lower Moira
Barmah 3639,Barmah
Picola West 3639,Picola West
Picola 3639,Picola
Katunga 3640,Katunga
Bearii 3641,Bearii
Strathmerton 3641,Strathmerton
Ulupna 3641,Ulupna
Mywee 3641,Mywee
Cobram 3643,Cobram
Yarroweyah 3644,Yarroweyah
Cobram East 3644,Cobram East
Cobram 3644,Cobram
Muckatah 3644,Muckatah
Koonoomoo 3644,Koonoomoo
Mount Major 3646,Mount Major
Yabba South 3646,Yabba South
Dookie 3646,Dookie
Youanmite 3646,Youanmite
Nalinga 3646,Nalinga
Waggarandall 3646,Waggarandall
Yabba North 3646,Yabba North
Dookie College 3647,Dookie College
Katamatite East 3649,Katamatite East
Katamatite 3649,Katamatite
Strath Creek 3658,Strath Creek
Waterford Park 3658,Waterford Park
Hazeldene 3658,Hazeldene
Tyaak 3658,Tyaak
Broadford 3658,Broadford
Reedy Creek 3658,Reedy Creek
Sunday Creek 3658,Sunday Creek
Sugarloaf Creek 3658,Sugarloaf Creek
Clonbinane 3658,Clonbinane
Tallarook 3659,Tallarook
Highlands 3660,Highlands
Whiteheads Creek 3660,Whiteheads Creek
Dropmore 3660,Dropmore
Kerrisdale 3660,Kerrisdale
Trawool 3660,Trawool
Seymour 3660,Seymour
Northwood 3660,Northwood
Seymour South 3660,Seymour South
Hilldene 3660,Hilldene
Caveat 3660,Caveat
Seymour 3661,Seymour
Puckapunyal 3662,Puckapunyal
Puckapunyal Milpo 3662,Puckapunyal Milpo
Mangalore 3663,Mangalore
Avenel 3664,Avenel
Upton Hill 3664,Upton Hill
Locksley 3665,Locksley
Longwood 3665,Longwood
Molka 3666,Molka
Longwood East 3666,Longwood East
Gooram 3666,Gooram
Strathbogie 3666,Strathbogie
Miepoll 3666,Miepoll
Pranjip 3666,Pranjip
Ruffy 3666,Ruffy
Moglonemby 3666,Moglonemby
Euroa 3666,Euroa
Sheans Creek 3666,Sheans Creek
Creighton 3666,Creighton
Riggs Creek 3666,Riggs Creek
Creightons Creek 3666,Creightons Creek
Tarcombe 3666,Tarcombe
Kelvin View 3666,Kelvin View
Kithbrook 3666,Kithbrook
Balmattum 3666,Balmattum
Tamleugh 3669,Tamleugh
Earlston 3669,Earlston
Gowangardie 3669,Gowangardie
Tamleugh North 3669,Tamleugh North
Creek Junction 3669,Creek Junction
Boho 3669,Boho
Violet Town 3669,Violet Town
Upotipotpon 3669,Upotipotpon
Boho South 3669,Boho South
Marraweeney 3669,Marraweeney
Koonda 3669,Koonda
Warrenbayne 3670,Warrenbayne
Tarnook 3670,Tarnook
Baddaginnie 3670,Baddaginnie
Benalla 3671,Benalla
Benalla 3672,Benalla
Goomalibee 3673,Goomalibee
Winton 3673,Winton
Moorngag 3673,Moorngag
Molyullah 3673,Molyullah
Upper Lurg 3673,Upper Lurg
Samaria 3673,Samaria
Swanpool 3673,Swanpool
Benalla 3673,Benalla
Lurg 3673,Lurg
Tatong 3673,Tatong
Winton North 3673,Winton North
Upper Ryans Creek 3673,Upper Ryans Creek
Lima South 3673,Lima South
Broken Creek 3673,Broken Creek
Lima 3673,Lima
Lima East 3673,Lima East
Greta South 3675,Greta South
Greta West 3675,Greta West
Boweya North 3675,Boweya North
Greta 3675,Greta
Glenrowan 3675,Glenrowan
Taminick 3675,Taminick
Mount Bruno 3675,Mount Bruno
Hansonville 3675,Hansonville
Glenrowan West 3675,Glenrowan West
Boweya 3675,Boweya
Wangaratta 3676,Wangaratta
Wangaratta 3677,Wangaratta
Appin Park 3677,Appin Park
Yarrunga 3677,Yarrunga
Edi 3678,Edi
Oxley Flats 3678,Oxley Flats
Waldara 3678,Waldara
Wangaratta Forward 3678,Wangaratta Forward
Edi Upper 3678,Edi Upper
Oxley 3678,Oxley
East Wangaratta 3678,East Wangaratta
Bowser 3678,Bowser
Markwood 3678,Markwood
King Valley 3678,King Valley
Boorhaman 3678,Boorhaman
North Wangaratta 3678,North Wangaratta
Docker 3678,Docker
Everton 3678,Everton
Killawarra 3678,Killawarra
Laceby 3678,Laceby
Cheshunt South 3678,Cheshunt South
Cheshunt 3678,Cheshunt
Carboor 3678,Carboor
Tarrawingee 3678,Tarrawingee
Dockers Plains 3678,Dockers Plains
Bobinawarrah 3678,Bobinawarrah
Peechelba East 3678,Peechelba East
Milawa 3678,Milawa
Boorhaman East 3678,Boorhaman East
Peechelba 3678,Peechelba
Meadow Creek 3678,Meadow Creek
Everton Upper 3678,Everton Upper
Byawatha 3678,Byawatha
Londrigan 3678,Londrigan
Wangandary 3678,Wangandary
Wangaratta South 3678,Wangaratta South
Wabonga 3678,Wabonga
Rose River 3678,Rose River
Whitlands 3678,Whitlands
Springhurst 3682,Springhurst
Boralma 3682,Boralma
Lilliput 3682,Lilliput
Norong 3682,Norong
Chiltern Valley 3683,Chiltern Valley
Chiltern 3683,Chiltern
Cornishtown 3683,Cornishtown
Prentice North 3685,Prentice North
Brimin 3685,Brimin
Browns Plains 3685,Browns Plains
Gooramadda 3685,Gooramadda
Carlyle 3685,Carlyle
Rutherglen 3685,Rutherglen
Great Southern 3685,Great Southern
Boorhaman North 3685,Boorhaman North
Wahgunyah 3687,Wahgunyah
Barnawartha 3688,Barnawartha
Indigo Valley 3688,Indigo Valley
Wodonga 3689,Wodonga
Wodonga 3690,Wodonga
West Wodonga 3690,West Wodonga
Wodonga Plaza 3690,Wodonga Plaza
Staghorn Flat 3691,Staghorn Flat
Lucyvale 3691,Lucyvale
Running Creek 3691,Running Creek
Upper Gundowring 3691,Upper Gundowring
Bonegilla 3691,Bonegilla
Berringama 3691,Berringama
Killara 3691,Killara
Thologolong 3691,Thologolong
Osbornes Flat 3691,Osbornes Flat
Bethanga 3691,Bethanga
Tangambalanga 3691,Tangambalanga
Glen Creek 3691,Glen Creek
Baranduda 3691,Baranduda
Allans Flat 3691,Allans Flat
Leneva 3691,Leneva
Kiewa 3691,Kiewa
Bellbridge 3691,Bellbridge
Kergunyah South 3691,Kergunyah South
Dederang 3691,Dederang
Bungil 3691,Bungil
Gundowring 3691,Gundowring
Talgarno 3691,Talgarno
Huon Creek 3691,Huon Creek
Kergunyah 3691,Kergunyah
Ebden 3691,Ebden
Castle Creek 3691,Castle Creek
Kancoona 3691,Kancoona
Bandiana 3691,Bandiana
Gateway Island 3691,Gateway Island
Hume Weir 3691,Hume Weir
Wodonga Forward 3691,Wodonga Forward
Barnawartha North 3691,Barnawartha North
Coral Bank 3691,Coral Bank
Mongans Bridge 3691,Mongans Bridge
Lone Pine 3691,Lone Pine
Mount Alfred 3691,Mount Alfred
Bandiana Milpo 3694,Bandiana Milpo
Sandy Creek 3695,Sandy Creek
Red Bluff 3695,Red Bluff
Huon 3695,Huon
Charleroi 3695,Charleroi
Tawonga 3697,Tawonga
Tawonga South 3698,Tawonga South
Falls Creek 3699,Falls Creek
Nelse 3699,Nelse
Mount Beauty 3699,Mount Beauty
Bogong 3699,Bogong
Georges Creek 3700,Georges Creek
Tallangatta 3700,Tallangatta
Bullioh 3700,Bullioh
Jarvis Creek 3700,Jarvis Creek
Tallangatta East 3700,Tallangatta East
Granya 3701,Granya
Eskdale 3701,Eskdale
Tallandoon 3701,Tallandoon
Shelley 3701,Shelley
Mitta Mitta 3701,Mitta Mitta
Tallangatta South 3701,Tallangatta South
Tallangatta Valley 3701,Tallangatta Valley
Dartmouth 3701,Dartmouth
Old Tallangatta 3701,Old Tallangatta
Koetong 3704,Koetong
Cudgewa 3705,Cudgewa
Nariel Valley 3705,Nariel Valley
Towong 3707,Towong
Tom Groggin 3707,Tom Groggin
Biggara 3707,Biggara
Corryong 3707,Corryong
Towong Upper 3707,Towong Upper
Nariel Valley 3707,Nariel Valley
Thowgla Valley 3707,Thowgla Valley
Colac Colac 3707,Colac Colac
Tintaldra 3708,Tintaldra
Burrowye 3709,Burrowye
Guys Forest 3709,Guys Forest
Walwa 3709,Walwa
Mount Alfred 3709,Mount Alfred
Pine Mountain 3709,Pine Mountain
Buxton 3711,Buxton
Thornton 3712,Thornton
Rubicon 3712,Rubicon
Eildon 3713,Eildon
Taylor Bay 3713,Taylor Bay
Lake Eildon 3713,Lake Eildon
Fawcett 3714,Fawcett
Cathkin 3714,Cathkin
Alexandra 3714,Alexandra
Acheron 3714,Acheron
Whanregarwen 3714,Whanregarwen
Taggerty 3714,Taggerty
Koriella 3714,Koriella
Crystal Creek 3714,Crystal Creek
Devils River 3714,Devils River
Maintongoon 3714,Maintongoon
Ancona 3715,Ancona
Merton 3715,Merton
Woodfield 3715,Woodfield
Glenburn 3717,Glenburn
Limestone 3717,Limestone
Yea 3717,Yea
Killingworth 3717,Killingworth
Flowerdale 3717,Flowerdale
Murrindindi 3717,Murrindindi
Homewood 3717,Homewood
Ghin Ghin 3717,Ghin Ghin
Molesworth 3718,Molesworth
Gobur 3719,Gobur
Terip Terip 3719,Terip Terip
Kanumbra 3719,Kanumbra
Yarck 3719,Yarck
Bonnie Doon 3720,Bonnie Doon
Mirimbah 3722,Mirimbah
Mansfield 3722,Mansfield
Barwite 3722,Barwite
Delatite 3723,Delatite
Archerton 3723,Archerton
Goughs Bay 3723,Goughs Bay
Howqua Hills 3723,Howqua Hills
Merrijig 3723,Merrijig
Howes Creek 3723,Howes Creek
Kevington 3723,Kevington
Tolmie 3723,Tolmie
Howqua 3723,Howqua
Jamieson 3723,Jamieson
Enochs Point 3723,Enochs Point
Piries 3723,Piries
Gaffneys Creek 3723,Gaffneys Creek
Knockwood 3723,Knockwood
Woods Point 3723,Woods Point
Howqua Inlet 3723,Howqua Inlet
Macs Cove 3723,Macs Cove
Bridge Creek 3723,Bridge Creek
Mount Buller 3723,Mount Buller
Boorolite 3723,Boorolite
Matlock 3723,Matlock
Barjarg 3723,Barjarg
Maindample 3723,Maindample
Sawmill Settlement 3723,Sawmill Settlement
Mountain Bay 3723,Mountain Bay
Mansfield 3724,Mansfield
Goorambat 3725,Goorambat
Major Plains 3725,Major Plains
Boxwood 3725,Boxwood
Stewarton 3725,Stewarton
Chesney Vale 3725,Chesney Vale
Devenish 3726,Devenish
Thoona 3726,Thoona
Bungeet 3726,Bungeet
Bungeet West 3726,Bungeet West
Yundool 3727,Yundool
Lake Rowan 3727,Lake Rowan
St James 3727,St James
Almonds 3727,Almonds
Pelluebla 3727,Pelluebla
Boomahnoomoonah 3728,Boomahnoomoonah
Youarang 3728,Youarang
Wilby 3728,Wilby
Tungamah 3728,Tungamah
Telford 3730,Telford
Bathumi 3730,Bathumi
Burramine South 3730,Burramine South
Yarrawonga South 3730,Yarrawonga South
Yarrawonga 3730,Yarrawonga
Esmond 3730,Esmond
Burramine 3730,Burramine
Bundalong 3730,Bundalong
Boosey 3730,Boosey
Bundalong South 3730,Bundalong South
Myrrhee 3732,Myrrhee
Moyhu 3732,Moyhu
Whitfield 3733,Whitfield
Whorouly East 3735,Whorouly East
Whorouly South 3735,Whorouly South
Bowmans Forest 3735,Bowmans Forest
Whorouly 3735,Whorouly
Myrtleford 3736,Myrtleford
Rosewhite 3737,Rosewhite
Dandongadale 3737,Dandongadale
Gapsted 3737,Gapsted
Havilah 3737,Havilah
Nug Nug 3737,Nug Nug
Buffalo River 3737,Buffalo River
Abbeyard 3737,Abbeyard
Myrtleford 3737,Myrtleford
Barwidgee 3737,Barwidgee
Selwyn 3737,Selwyn
Wonnangatta 3737,Wonnangatta
Merriang 3737,Merriang
Mudgegonga 3737,Mudgegonga
Merriang South 3737,Merriang South
Ovens 3738,Ovens
Eurobin 3739,Eurobin
Buckland 3740,Buckland
Porepunkah 3740,Porepunkah
Mount Buffalo 3740,Mount Buffalo
Hotham Heights 3741,Hotham Heights
Mount Hotham 3741,Mount Hotham
Germantown 3741,Germantown
Harrietville 3741,Harrietville
Bright 3741,Bright
Freeburgh 3741,Freeburgh
Smoko 3741,Smoko
Wandiligong 3744,Wandiligong
Eldorado 3746,Eldorado
Baarmutha 3747,Baarmutha
Beechworth 3747,Beechworth
Stanley 3747,Stanley
Wooragee 3747,Wooragee
Murmungee 3747,Murmungee
Yackandandah 3749,Yackandandah
Bruarong 3749,Bruarong
Wollert 3750,Wollert
Woodstock 3751,Woodstock
South Morang 3752,South Morang
Beveridge 3753,Beveridge
Mernda 3754,Mernda
Doreen 3754,Doreen
Yan Yean 3755,Yan Yean
Upper Plenty 3756,Upper Plenty
Wallan 3756,Wallan
Hidden Valley 3756,Hidden Valley
Darraweit Guim 3756,Darraweit Guim
Chintin 3756,Chintin
Whittlesea 3757,Whittlesea
Eden Park 3757,Eden Park
Humevale 3757,Humevale
Pheasant Creek 3757,Pheasant Creek
Kinglake West 3757,Kinglake West
Kinglake Central 3757,Kinglake Central
Heathcote Junction 3758,Heathcote Junction
Wandong 3758,Wandong
Panton Hill 3759,Panton Hill
Smiths Gully 3760,Smiths Gully
St Andrews 3761,St Andrews
Bylands 3762,Bylands
Kinglake 3763,Kinglake
Forbes 3764,Forbes
Kilmore 3764,Kilmore
High Camp 3764,High Camp
Tantaraboo 3764,Tantaraboo
Glenaroua 3764,Glenaroua
Kilmore East 3764,Kilmore East
Willowmavin 3764,Willowmavin
Moranding 3764,Moranding
Montrose 3765,Montrose
Kalorama 3766,Kalorama
Mount Dandenong 3767,Mount Dandenong
Coldstream 3770,Coldstream
Gruyere 3770,Gruyere
Yering 3770,Yering
Dixons Creek 3775,Dixons Creek
Yarra Glen 3775,Yarra Glen
Christmas Hills 3775,Christmas Hills
Steels Creek 3775,Steels Creek
Tarrawarra 3775,Tarrawarra
Mount Toolebewong 3777,Mount Toolebewong
Chum Creek 3777,Chum Creek
Healesville 3777,Healesville
Healesville Main Street 3777,Healesville Main Street
Toolangi 3777,Toolangi
Castella 3777,Castella
Badger Creek 3777,Badger Creek
Fernshaw 3778,Fernshaw
Narbethong 3778,Narbethong
Cambarville 3779,Cambarville
Marysville 3779,Marysville
Mount Burnett 3781,Mount Burnett
Cockatoo 3781,Cockatoo
Nangana 3781,Nangana
Clematis 3782,Clematis
Avonsleigh 3782,Avonsleigh
Emerald 3782,Emerald
Macclesfield 3782,Macclesfield
Gembrook 3783,Gembrook
Tremont 3785,Tremont
Ferny Creek 3786,Ferny Creek
Sassafras Gully 3787,Sassafras Gully
Sassafras 3787,Sassafras
Olinda 3788,Olinda
Sherbrooke 3789,Sherbrooke
Kallista 3791,Kallista
The Patch 3792,The Patch
Monbulk 3793,Monbulk
Silvan 3795,Silvan
Mount Evelyn 3796,Mount Evelyn
Gilderoy 3797,Gilderoy
Powelltown 3797,Powelltown
Gladysdale 3797,Gladysdale
Yarra Junction 3797,Yarra Junction
Three Bridges 3797,Three Bridges
Wesburn 3799,Wesburn
Millgrove 3799,Millgrove
Warburton 3799,Warburton
Mcmahons Creek 3799,Mcmahons Creek
East Warburton 3799,East Warburton
Reefton 3799,Reefton
Big Pats Creek 3799,Big Pats Creek
Monash University 3800,Monash University
Endeavour Hills 3802,Endeavour Hills
Hallam 3803,Hallam
Narre Warren East 3804,Narre Warren East
Narre Warren North 3804,Narre Warren North
Fountain Gate 3805,Fountain Gate
Narre Warren 3805,Narre Warren
Narre Warren South 3805,Narre Warren South
Harkaway 3806,Harkaway
Berwick 3806,Berwick
Guys Hill 3807,Guys Hill
Beaconsfield 3807,Beaconsfield
Beaconsfield Upper 3808,Beaconsfield Upper
Dewhurst 3808,Dewhurst
Officer South 3809,Officer South
Officer 3809,Officer
Pakenham Upper 3810,Pakenham Upper
Pakenham South 3810,Pakenham South
Rythdale 3810,Rythdale
Pakenham 3810,Pakenham
Maryknoll 3812,Maryknoll
Nar Nar Goon 3812,Nar Nar Goon
Nar Nar Goon North 3812,Nar Nar Goon North
Tynong 3813,Tynong
Tynong North 3813,Tynong North
Garfield North 3814,Garfield North
Garfield 3814,Garfield
Vervale 3814,Vervale
Cora Lynn 3814,Cora Lynn
Bunyip 3815,Bunyip
Bunyip North 3815,Bunyip North
Tonimbuk 3815,Tonimbuk
Iona 3815,Iona
Longwarry North 3816,Longwarry North
Longwarry 3816,Longwarry
Modella 3816,Modella
Labertouche 3816,Labertouche
Drouin South 3818,Drouin South
Drouin East 3818,Drouin East
Drouin West 3818,Drouin West
Drouin 3818,Drouin
Hallora 3818,Hallora
Ripplebrook 3818,Ripplebrook
Jindivick 3818,Jindivick
Athlone 3818,Athlone
Lillico 3820,Lillico
Warragul 3820,Warragul
Bona Vista 3820,Bona Vista
Ellinbank 3821,Ellinbank
Lardner 3821,Lardner
Neerim Junction 3821,Neerim Junction
Buln Buln 3821,Buln Buln
Ferndale 3821,Ferndale
Nilma 3821,Nilma
Nilma North 3821,Nilma North
Brandy Creek 3821,Brandy Creek
Tetoora Road 3821,Tetoora Road
Seaview 3821,Seaview
Buln Buln East 3821,Buln Buln East
Shady Creek 3821,Shady Creek
Torwood 3821,Torwood
Crossover 3821,Crossover
Warragul West 3821,Warragul West
Rokeby 3821,Rokeby
Warragul South 3821,Warragul South
Neerim North 3821,Neerim North
Bravington 3821,Bravington
Cloverlea 3822,Cloverlea
Darnum 3822,Darnum
Gainsborough 3822,Gainsborough
Yarragon 3823,Yarragon
Allambee 3823,Allambee
Yarragon South 3823,Yarragon South
Trafalgar East 3824,Trafalgar East
Childers 3824,Childers
Trafalgar 3824,Trafalgar
Thorpdale South 3824,Thorpdale South
Narracan 3824,Narracan
Trafalgar South 3824,Trafalgar South
Rawson 3825,Rawson
Coalville 3825,Coalville
Westbury 3825,Westbury
Newborough 3825,Newborough
Erica 3825,Erica
Willow Grove 3825,Willow Grove
Moondarra 3825,Moondarra
Yallourn North 3825,Yallourn North
Coopers Creek 3825,Coopers Creek
Hill End 3825,Hill End
Thomson 3825,Thomson
Fumina South 3825,Fumina South
Tanjil South 3825,Tanjil South
Toombon 3825,Toombon
Walhalla 3825,Walhalla
Fumina 3825,Fumina
Aberfeldy 3825,Aberfeldy
Hernes Oak 3825,Hernes Oak
Yallourn 3825,Yallourn
Jacob Creek 3825,Jacob Creek
Moe 3825,Moe
Walhalla East 3825,Walhalla East
Amor 3825,Amor
Thalloo 3825,Thalloo
Caringal 3825,Caringal
Boola 3825,Boola
Jericho 3825,Jericho
Moe South 3825,Moe South
Tanjil 3825,Tanjil
Neerim South 3831,Neerim South
Neerim 3831,Neerim
Neerim East 3831,Neerim East
Nayook 3832,Nayook
Neerim North 3832,Neerim North
Neerim Junction 3832,Neerim Junction
Loch Valley 3833,Loch Valley
Toorongo 3833,Toorongo
Baw Baw 3833,Baw Baw
Ada 3833,Ada
Gentle Annie 3833,Gentle Annie
Icy Creek 3833,Icy Creek
Tanjil Bren 3833,Tanjil Bren
Piedmont 3833,Piedmont
Vesper 3833,Vesper
Baw Baw Village 3833,Baw Baw Village
Noojee 3833,Noojee
Thorpdale 3835,Thorpdale
Jeeralang 3840,Jeeralang
Jeeralang Junction 3840,Jeeralang Junction
Hazelwood 3840,Hazelwood
Morwell 3840,Morwell
Hazelwood South 3840,Hazelwood South
Maryvale 3840,Maryvale
Driffield 3840,Driffield
Hazelwood North 3840,Hazelwood North
Mid Valley 3840,Mid Valley
Gippsland Mc 3841,Gippsland Mc
Churchill 3842,Churchill
Carrajung 3844,Carrajung
Tyers 3844,Tyers
Traralgon East 3844,Traralgon East
Callignee 3844,Callignee
Traralgon South 3844,Traralgon South
Loy Yang 3844,Loy Yang
Koornalla 3844,Koornalla
Willung South 3844,Willung South
Traralgon 3844,Traralgon
Carrajung Lower 3844,Carrajung Lower
Flynns Creek 3844,Flynns Creek
Flynn 3844,Flynn
Blackwarry 3844,Blackwarry
Carrajung South 3844,Carrajung South
Callignee North 3844,Callignee North
Mount Tassie 3844,Mount Tassie
Callignee South 3844,Callignee South
Willung South 3847,Willung South
Nambrok 3847,Nambrok
Willung 3847,Willung
Rosedale 3847,Rosedale
Hiamdale 3847,Hiamdale
Wurruk 3850,Wurruk
Sale 3850,Sale
Guthridge 3850,Guthridge
Cobains 3851,Cobains
Dutson 3851,Dutson
Darriman 3851,Darriman
Golden Beach 3851,Golden Beach
Loch Sport 3851,Loch Sport
Bundalaguah 3851,Bundalaguah
Clydebank 3851,Clydebank
Giffard West 3851,Giffard West
Montgomery 3851,Montgomery
Seacombe 3851,Seacombe
Fulham 3851,Fulham
Myrtlebank 3851,Myrtlebank
Kilmany 3851,Kilmany
Giffard 3851,Giffard
Paradise Beach 3851,Paradise Beach
Flamingo Beach 3851,Flamingo Beach
Longford 3851,Longford
Dutson Downs 3851,Dutson Downs
Seaspray 3851,Seaspray
Lake Wellington 3851,Lake Wellington
Stradbroke 3851,Stradbroke
Airly 3851,Airly
Pearsondale 3851,Pearsondale
The Heart 3851,The Heart
Somerton Park 3851,Somerton Park
Glomar Beach 3851,Glomar Beach
The Honeysuckles 3851,The Honeysuckles
East Sale 3852,East Sale
Sale East Raaf 3852,Sale East Raaf
East Sale Raaf 3852,East Sale Raaf
Sale 3853,Sale
Glengarry 3854,Glengarry
Glengarry West 3854,Glengarry West
Glengarry North 3854,Glengarry North
Toongabbie 3856,Toongabbie
Cowwarr 3857,Cowwarr
Licola 3858,Licola
Denison 3858,Denison
Dawson 3858,Dawson
Seaton 3858,Seaton
Sargood 3858,Sargood
Winnindoo 3858,Winnindoo
Glenmaggie 3858,Glenmaggie
Billabong 3858,Billabong
Heyfield 3858,Heyfield
Tamboritha 3858,Tamboritha
Crookayan 3858,Crookayan
Arbuckle 3858,Arbuckle
Buragwonduc 3858,Buragwonduc
Yangoura 3858,Yangoura
Gillum 3858,Gillum
Worrowing 3858,Worrowing
Glenfalloch 3858,Glenfalloch
Howitt Plains 3858,Howitt Plains
Licola North 3858,Licola North
Reynard 3858,Reynard
Tinamba 3859,Tinamba
Maffra West Upper 3859,Maffra West Upper
Newry 3859,Newry
Tinamba West 3859,Tinamba West
Boisdale 3860,Boisdale
Valencia Creek 3860,Valencia Creek
Briagolong 3860,Briagolong
Bushy Park 3860,Bushy Park
Riverslea 3860,Riverslea
Coongulla 3860,Coongulla
Wrixon 3860,Wrixon
Maffra 3860,Maffra
Toolome 3860,Toolome
Nap Nap Marra 3860,Nap Nap Marra
Moroka 3860,Moroka
Woolenook 3860,Woolenook
Koorool 3860,Koorool
Wrathung 3860,Wrathung
Monomak 3860,Monomak
Stockdale 3862,Stockdale
Dargo 3862,Dargo
Llowalong 3862,Llowalong
Meerlieu 3862,Meerlieu
Perry Bridge 3862,Perry Bridge
Stratford 3862,Stratford
Miowera 3862,Miowera
Munro 3862,Munro
Budgee Budgee 3862,Budgee Budgee
Cobbannah 3862,Cobbannah
Hollands Landing 3862,Hollands Landing
Waterford 3862,Waterford
Wongungarra 3862,Wongungarra
Moornapa 3862,Moornapa
Hawkhurst 3862,Hawkhurst
Crooked River 3862,Crooked River
Cowa 3862,Cowa
Glenaladale 3864,Glenaladale
Fernbank 3864,Fernbank
Lindenow 3865,Lindenow
Yinnar South 3869,Yinnar South
Jumbuk 3869,Jumbuk
Yinnar 3869,Yinnar
Boolarra 3870,Boolarra
Johnstones Hill 3870,Johnstones Hill
Budgeree 3870,Budgeree
Boolarra South 3870,Boolarra South
Grand Ridge 3870,Grand Ridge
Delburn 3871,Delburn
Dollar 3871,Dollar
Baromi 3871,Baromi
Mirboo North 3871,Mirboo North
Mirboo 3871,Mirboo
Allambee South 3871,Allambee South
Darlimurla 3871,Darlimurla
Allambee Reserve 3871,Allambee Reserve
Gormandale 3873,Gormandale
Carrajung South 3874,Carrajung South
Mcloughlins Beach 3874,Mcloughlins Beach
Woodside 3874,Woodside
Woodside Beach 3874,Woodside Beach
Woodside North 3874,Woodside North
Fairy Dell 3875,Fairy Dell
Deptford 3875,Deptford
Bullumwaal 3875,Bullumwaal
Banksia Peninsula 3875,Banksia Peninsula
Granite Rock 3875,Granite Rock
Wuk Wuk 3875,Wuk Wuk
Merrijig 3875,Merrijig
Lucknow 3875,Lucknow
Wentworth 3875,Wentworth
Newlands Arm 3875,Newlands Arm
Woodglen 3875,Woodglen
Sarsfield 3875,Sarsfield
Iguana Creek 3875,Iguana Creek
Clifton Creek 3875,Clifton Creek
Marthavale 3875,Marthavale
Lindenow South 3875,Lindenow South
Broadlands 3875,Broadlands
Mount Taylor 3875,Mount Taylor
Calulu 3875,Calulu
Bairnsdale 3875,Bairnsdale
Melwood 3875,Melwood
East Bairnsdale 3875,East Bairnsdale
Tabberabbera 3875,Tabberabbera
Goon Nure 3875,Goon Nure
Eastwood 3875,Eastwood
Forge Creek 3875,Forge Creek
Wy Yung 3875,Wy Yung
Ellaswood 3875,Ellaswood
Bengworden 3875,Bengworden
Walpa 3875,Walpa
Hillside 3875,Hillside
Flaggy Creek 3875,Flaggy Creek
Ryans 3875,Ryans
Waterholes 3875,Waterholes
Eagle Point 3878,Eagle Point
Raymond Island 3880,Raymond Island
Ocean Grange 3880,Ocean Grange
Paynesville 3880,Paynesville
Boole Poole 3880,Boole Poole
Nicholson 3882,Nicholson
Murrindal 3885,Murrindal
Wiseleigh 3885,Wiseleigh
Buchan 3885,Buchan
Yalmy 3885,Yalmy
Suggan Buggan 3885,Suggan Buggan
Wulgulmerang East 3885,Wulgulmerang East
Buchan South 3885,Buchan South
Bruthen 3885,Bruthen
Timbarra 3885,Timbarra
Brumby 3885,Brumby
Wulgulmerang 3885,Wulgulmerang
Butchers Ridge 3885,Butchers Ridge
Wulgulmerang West 3885,Wulgulmerang West
Mossiface 3885,Mossiface
W Tree 3885,W Tree
Gelantipy 3885,Gelantipy
Tambo Upper 3885,Tambo Upper
Newmerella 3886,Newmerella
Nowa Nowa 3887,Nowa Nowa
Wairewa 3887,Wairewa
Lake Tyers 3887,Lake Tyers
Bendoc 3888,Bendoc
Brodribb River 3888,Brodribb River
Jarrahmond 3888,Jarrahmond
Bete Bolong 3888,Bete Bolong
Waygara 3888,Waygara
Goongerah 3888,Goongerah
Tostaree 3888,Tostaree
Delegate River 3888,Delegate River
Orbost 3888,Orbost
Marlo 3888,Marlo
Bonang 3888,Bonang
Deddick Valley 3888,Deddick Valley
Cape Conran 3888,Cape Conran
Tubbut 3888,Tubbut
Haydens Bog 3888,Haydens Bog
Wombat Creek 3888,Wombat Creek
Simpsons Creek 3888,Simpsons Creek
Corringle 3888,Corringle
Bete Bolong North 3888,Bete Bolong North
Nurran 3888,Nurran
Club Terrace 3889,Club Terrace
Bemm River 3889,Bemm River
Errinundra 3889,Errinundra
Bellbird Creek 3889,Bellbird Creek
Manorina 3889,Manorina
Cabbage Tree Creek 3889,Cabbage Tree Creek
Combienbar 3889,Combienbar
Noorinbee 3890,Noorinbee
Buldah 3890,Buldah
Cann River 3890,Cann River
Chandlers Creek 3890,Chandlers Creek
Tamboon 3890,Tamboon
Noorinbee North 3890,Noorinbee North
Tonghi Creek 3890,Tonghi Creek
Genoa 3891,Genoa
Gipsy Point 3891,Gipsy Point
Wroxham 3891,Wroxham
Wangarabell 3891,Wangarabell
Wingan River 3891,Wingan River
Wallagaraugh 3891,Wallagaraugh
Maramingo Creek 3891,Maramingo Creek
Mallacoota 3892,Mallacoota
Stirling 3893,Stirling
Double Bridges 3893,Double Bridges
Tambo Crossing 3893,Tambo Crossing
Doctors Flat 3895,Doctors Flat
Reedy Flat 3895,Reedy Flat
Ensay 3895,Ensay
Ensay North 3895,Ensay North
Tongio 3896,Tongio
Bindi 3896,Bindi
Swifts Creek 3896,Swifts Creek
Brookville 3896,Brookville
Nunniong 3896,Nunniong
Cassilis 3898,Cassilis
Glen Wills 3898,Glen Wills
Omeo Valley 3898,Omeo Valley
Cobungra 3898,Cobungra
Dinner Plain 3898,Dinner Plain
Bingo Munjie 3898,Bingo Munjie
Anglers Rest 3898,Anglers Rest
Bundara 3898,Bundara
Omeo 3898,Omeo
Shannonvale 3898,Shannonvale
Glen Valley 3898,Glen Valley
Hinnomunjie 3898,Hinnomunjie
Cobberas 3900,Cobberas
Benambra 3900,Benambra
Bumberrah 3902,Bumberrah
Johnsonville 3902,Johnsonville
Swan Reach 3903,Swan Reach
Metung 3904,Metung
Lake Tyers Beach 3909,Lake Tyers Beach
Kalimna West 3909,Kalimna West
Nyerimilang 3909,Nyerimilang
Lakes Entrance 3909,Lakes Entrance
Nungurner 3909,Nungurner
Kalimna 3909,Kalimna
Toorloo Arm 3909,Toorloo Arm
Lake Bunga 3909,Lake Bunga
Langwarrin 3910,Langwarrin
Langwarrin South 3911,Langwarrin South
Baxter 3911,Baxter
Pearcedale 3912,Pearcedale
Somerville 3912,Somerville
Tyabb 3913,Tyabb
Hastings 3915,Hastings
Tuerong 3915,Tuerong
Merricks 3916,Merricks
Point Leo 3916,Point Leo
Shoreham 3916,Shoreham
Bittern 3918,Bittern
Crib Point 3919,Crib Point
Hmas Cerberus 3920,Hmas Cerberus
Elizabeth Island 3921,Elizabeth Island
Tankerton 3921,Tankerton
French Island 3921,French Island
Silverleaves 3922,Silverleaves
Surf Beach 3922,Surf Beach
Ventnor 3922,Ventnor
Wimbledon Heights 3922,Wimbledon Heights
Summerlands 3922,Summerlands
Smiths Beach 3922,Smiths Beach
Sunset Strip 3922,Sunset Strip
Cowes 3922,Cowes
Sunderland Bay 3922,Sunderland Bay
Rhyll 3923,Rhyll
Newhaven 3925,Newhaven
Cape Woolamai 3925,Cape Woolamai
Churchill Island 3925,Churchill Island
San Remo 3925,San Remo
Balnarring 3926,Balnarring
Balnarring Beach 3926,Balnarring Beach
Merricks Beach 3926,Merricks Beach
Merricks North 3926,Merricks North
Somers 3927,Somers
Main Ridge 3928,Main Ridge
Flinders 3929,Flinders
Mount Eliza 3930,Mount Eliza
Kunyung 3930,Kunyung
Mornington 3931,Mornington
Moorooduc 3933,Moorooduc
Mount Martha 3934,Mount Martha
Arthurs Seat 3936,Arthurs Seat
Dromana 3936,Dromana
Safety Beach 3936,Safety Beach
Red Hill 3937,Red Hill
Red Hill South 3937,Red Hill South
Mccrae 3938,Mccrae
Rosebud Plaza 3939,Rosebud Plaza
Boneo 3939,Boneo
Rosebud 3939,Rosebud
Fingal 3939,Fingal
Cape Schanck 3939,Cape Schanck
Rosebud West 3940,Rosebud West
Rye 3941,Rye
St Andrews Beach 3941,St Andrews Beach
Tootgarook 3941,Tootgarook
Blairgowrie 3942,Blairgowrie
Sorrento 3943,Sorrento
Portsea 3944,Portsea
Krowera 3945,Krowera
Jeetho 3945,Jeetho
Woodleigh 3945,Woodleigh
Loch 3945,Loch
Bena 3946,Bena
Kardella South 3950,Kardella South
Korumburra 3950,Korumburra
Strzelecki 3950,Strzelecki
Whitelaw 3950,Whitelaw
Korumburra South 3950,Korumburra South
Outtrim 3951,Outtrim
Arawata 3951,Arawata
Ranceby 3951,Ranceby
Moyarra 3951,Moyarra
Kardella 3951,Kardella
Kongwak 3951,Kongwak
Jumbunna 3951,Jumbunna
Fairbank 3951,Fairbank
Wooreen 3953,Wooreen
Mardan 3953,Mardan
Leongatha 3953,Leongatha
Nerrena 3953,Nerrena
Mount Eccles South 3953,Mount Eccles South
Leongatha South 3953,Leongatha South
Mount Eccles 3953,Mount Eccles
Ruby 3953,Ruby
Hallston 3953,Hallston
Berrys Creek 3953,Berrys Creek
Boorool 3953,Boorool
Trida 3953,Trida
Koorooman 3953,Koorooman
Wild Dog Valley 3953,Wild Dog Valley
Leongatha North 3953,Leongatha North
Koonwarra 3954,Koonwarra
Venus Bay 3956,Venus Bay
Dumbalk 3956,Dumbalk
Walkerville South 3956,Walkerville South
Dumbalk North 3956,Dumbalk North
Tarwin Lower 3956,Tarwin Lower
Meeniyan 3956,Meeniyan
Walkerville North 3956,Walkerville North
Middle Tarwin 3956,Middle Tarwin
Tarwin 3956,Tarwin
Walkerville 3956,Walkerville
Stony Creek 3957,Stony Creek
Buffalo 3958,Buffalo
Sandy Point 3959,Sandy Point
Fish Creek 3959,Fish Creek
Waratah Bay 3959,Waratah Bay
Gunyah 3960,Gunyah
Turtons Creek 3960,Turtons Creek
Wonga 3960,Wonga
Bennison 3960,Bennison
Yanakie 3960,Yanakie
Foster 3960,Foster
Foster North 3960,Foster North
Mount Best 3960,Mount Best
Wilsons Promontory 3960,Wilsons Promontory
Boolarong 3960,Boolarong
Woorarra West 3960,Woorarra West
Shallow Inlet 3960,Shallow Inlet
Tidal River 3960,Tidal River
Wonyip 3962,Wonyip
Woorarra East 3962,Woorarra East
Agnes 3962,Agnes
Toora 3962,Toora
Toora North 3962,Toora North
Port Franklin 3964,Port Franklin
Port Welshpool 3965,Port Welshpool
Binginwarri 3966,Binginwarri
Welshpool 3966,Welshpool
Hazel Park 3966,Hazel Park
Hedley 3967,Hedley
Macks Creek 3971,Macks Creek
Madalya 3971,Madalya
Alberton 3971,Alberton
Port Albert 3971,Port Albert
Hunterston 3971,Hunterston
Hiawatha 3971,Hiawatha
Yarram 3971,Yarram
Calrossie 3971,Calrossie
Snake Island 3971,Snake Island
Staceys Bridge 3971,Staceys Bridge
Jack River 3971,Jack River
Devon North 3971,Devon North
Manns Beach 3971,Manns Beach
Langsborough 3971,Langsborough
Gelliondale 3971,Gelliondale
Won Wron 3971,Won Wron
Balook 3971,Balook
Tarra Valley 3971,Tarra Valley
Tarraville 3971,Tarraville
Robertsons Beach 3971,Robertsons Beach
Alberton West 3971,Alberton West
Lyndhurst 3975,Lyndhurst
Lynbrook 3975,Lynbrook
Hampton Park 3976,Hampton Park
Cannons Creek 3977,Cannons Creek
Devon Meadows 3977,Devon Meadows
Junction Village 3977,Junction Village
Cranbourne South 3977,Cranbourne South
Skye 3977,Skye
Five Ways 3977,Five Ways
Cranbourne West 3977,Cranbourne West
Botanic Ridge 3977,Botanic Ridge
Sandhurst 3977,Sandhurst
Cranbourne 3977,Cranbourne
Cranbourne East 3977,Cranbourne East
Cranbourne North 3977,Cranbourne North
Clyde North 3978,Clyde North
Cardinia 3978,Cardinia
Clyde 3978,Clyde
Glen Alvie 3979,Glen Alvie
Almurta 3979,Almurta
Kernot 3979,Kernot
Blind Bight 3980,Blind Bight
Warneet 3980,Warneet
Tooradin 3980,Tooradin
Dalmore 3981,Dalmore
Koo Wee Rup 3981,Koo Wee Rup
Catani 3981,Catani
Heath Hill 3981,Heath Hill
Bayles 3981,Bayles
Yannathan 3981,Yannathan
Koo Wee Rup North 3981,Koo Wee Rup North
Monomeith 3984,Monomeith
Tenby Point 3984,Tenby Point
Lang Lang 3984,Lang Lang
Queensferry 3984,Queensferry
Caldermeade 3984,Caldermeade
Pioneer Bay 3984,Pioneer Bay
Coronet Bay 3984,Coronet Bay
Corinella 3984,Corinella
Grantville 3984,Grantville
Adams Estate 3984,Adams Estate
Lang Lang East 3984,Lang Lang East
Jam Jerrup 3984,Jam Jerrup
The Gurdies 3984,The Gurdies
Nyora 3987,Nyora
Poowong 3988,Poowong
Poowong East 3988,Poowong East
Poowong North 3988,Poowong North
Mountain View 3988,Mountain View
Glen Forbes 3990,Glen Forbes
Bass 3991,Bass
Ryanston 3992,Ryanston
Blackwood Forest 3992,Blackwood Forest
Dalyston 3992,Dalyston
West Creek 3992,West Creek
Wonthaggi 3995,Wonthaggi
Anderson 3995,Anderson
North Wonthaggi 3995,North Wonthaggi
Wattle Bank 3995,Wattle Bank
Kilcunda 3995,Kilcunda
South Dudley 3995,South Dudley
Harmers Haven 3995,Harmers Haven
Woolamai 3995,Woolamai
Archies Creek 3995,Archies Creek
St Clair 3995,St Clair
Cape Paterson 3995,Cape Paterson
Lance Creek 3995,Lance Creek
Inverloch 3996,Inverloch
Pound Creek 3996,Pound Creek
